{
    "title": "ALOE VERA",
    "main_image": "001.webp",
    "Common name": "Kumari ",
    "Botanical Name": "Aloe barbadensis",
    "Vernacular name": "English- Indian Aloe <br/>Hindi-Elya <br/>Gujarati-Eariyo <br/>Sanskrit-Kumarirasasambhava <br/>",
    "Family": "Liliaceae" ,
"Class": "Monocotyledonae" ,
"Parts of plant used": "Leaves" ,
"Chemical Constituents": "Anthraquinone, Glycosides" ,
"Therapeutic uses": "Heals burns. Due to its soothing, moisturizing, and cooling properties, aloe vera is often used to treat burns. Improves digestive health. Promotes oral health. Clears acne and relieves anal fissures. " 
}