{
    "title": "Argyreia nervosa",
    "main_image": "001.webp",
    "Common name": "Wooly morning glow ",
    "Botanical Name": "Argyreia nervosa",
    "Vernacular name": "English-Elephant Creeper <br/>Hindi-Vidhaaraa <br/>Gujarati-Varadhaaro <br/>Sanskrit-Chagalantri <br/>",
    "Family": "Convolvulaceae" ,
"Class": "Magnoliopsida" ,
"Parts of plant used": "Root" ,
"Chemical Constituents": "----" ,
"Therapeutic uses": "Used as anti-oxidant, anti-inflammatory, anti-rheumatic, immunomodulatory, adaptogenic, and hepatoprotective. " 
}