{
    "title": "Bixa orrelana",
    "main_image": "001.webp",
    "Common name": "Annato tree, Lipstick tree ",
    "Botanical Name": "Bixa orrelana",
    "Vernacular name": "English-Bijol  <br/>Hindi-Latkan <br/>Gujarati-Sindoor <br/>",
    "Family": "Bixaceae" ,
"Class": "Magnoliopsida" ,
"Parts of plant used": "Seed" ,
"Chemical Constituents": "Bixin, β-carotene, lutein, ellagic acid, tannin and saponin" ,
"Therapeutic uses": "Used as antipyretic, antidiarrheal, antidiabetic, and insect repellant. " 
}