{
    "title": "Albizzia lebbeck Benth",
    "main_image": "001.webp",
    "Common name": "Frywood, Woman tongue tree ",
    "Botanical Name": "Albizzia lebbeck Benth",
    "Vernacular name": "English-Lebbeck tree  <br/>Hindi-Siris <br/>Gujarati-Shirish <br/>Sanskrit-Bhandi <br/>",
    "Family": "Fabaceae" ,
"Class": "Dicotyledonae" ,
"Parts of plant used": "Stem bark" ,
"Chemical Constituents": "Saponin and tannin" ,
"Therapeutic uses": "Used as anti-inflammatory, anti-bacterial agent " 
}