{
    "title": "Abutilon indicum",
    "main_image": "011.webp",
    "Common name": "Country mallow ",
    "Botanical Name": "Abutilon indicum",
    "Vernacular name": "English- Indian Mallow <br/>Hindi-kangh <br/>Gujarati- kansaki<br/>Sanskrit- kankatika<br/>",
    "Family": "Malvaceae" ,
"Class": "Magnoliopsida" ,
"Parts of plant used": "Root " ,
"Chemical Constituents": "Asparagin." ,
"Therapeutic uses": "Used as a demulcent, aphrodisiac, laxative, diuretic, sedative, astringent, expectorant, tonic, anti-inflammatory, anthelmintic, and analgesic and to treat leprosy, ulcers, headaches, gonorrhea, and bladder infection. " 
}