{
    "title": "Acacia nilotica ",
    "main_image": "013.webp",
    "Common name": "Desikikkar ",
    "Botanical Name": "Acacia nilotica ",
    "Vernacular name": "English- Indian gum Arabic tree <br/>Hindi-Babula <br/>Gujarati- Baval<br/>Sanskrit- kinkirata<br/>",
    "Family": "Fabeceae" ,
"Class": "Dicotyledonae" ,
"Parts of plant used": "Stem, bark" ,
"Chemical Constituents": "Tannin and Gum " ,
"Therapeutic uses": " Used as anti-plasmodial, antioxidant, anti-microbial and used for treatment of human immune deficiency virus, cancer and hepatitis C virus. " 
}