{
    "title": "Acarus calamus ",
    "main_image": "016.webp",
    "Common name": "Sweet flag ",
    "Botanical Name": "Acarus calamus ",
    "Vernacular name": "English- Sweet flag <br/>Hindi- Gora-bach<br/>Gujarati-Ghoduvaj <br/>Sanskrit-Ugragandha <br/>",
    "Family": "Araceae" ,
"Class": "Liliopsida" ,
"Parts of plant used": "Rhizome" ,
"Chemical Constituents": "Volatile oil(Principal constituents of volatile oil like eugenol, asarone), Starch, Tannins." ,
"Therapeutic uses": " Such as sedative, CNS depressant, anticonvulsant, antispasmodic, anticancer, anti-diabetic agent. " 
}