{
    "title": "Adhatoda zeylanica ",
    "main_image": "018.webp",
    "Common name": "Vasaka ",
    "Botanical Name": "Adhatoda zeylanica ",
    "Vernacular name": "English- Malabur nut tree <br/>Hindi- Adoosa<br/>Gujarati- Ardusi<br/>Sanskrit-Vasaka <br/>",
    "Family": "Acanthaceae" ,
"Class": "Dicotyledonae" ,
"Parts of plant used": "Root" ,
"Chemical Constituents": "Alkaloids- Vasiscine, Vasicinol and oils" ,
"Therapeutic uses": " Used in treatment of respiratory disorder, and it act as astringent, diuretic, antiperiodic, purgative and expectorant. " 
}