{
    "title": "Alangium salviifolium ",
    "main_image": "020.webp",
    "Common name": " Sage-leaved Alangium",
    "Botanical Name": "Alangium salviifolium ",
    "Vernacular name": "English-Sage-leaved Alangium  <br/>Hindi-Dhera <br/>Gujarati-Ankol <br/>Sanskrit-Ankola <br/>",
    "Family": "Alangiaceae" ,
"Class": "Dicotyledonae" ,
"Parts of plant used": "leaf" ,
"Chemical Constituents": "Alkaloids, Campesterol, Episterol, Alangidiol" ,
"Therapeutic uses": " Used in treatment of diabetes, wound healing, dog bite, and as a poultice in rheumatism. " 
}