{
    "title": "Alstonia scholaris",
    "main_image": "022.webp",
    "Common name": "Black board tree ",
    "Botanical Name": "Alstonia scholaris ",
    "Vernacular name": "English- Dita <br/>Hindi-Chhativan <br/>Gujarati- Saptaparna<br/>Sanskrit- Saptacchada<br/>",
    "Family": "Apocynaceae" ,
"Class": "Magnoliopsida" ,
"Parts of plant used": "Stem, bark " ,
"Chemical Constituents": "Alkaloids(ditamine)" ,
"Therapeutic uses": "Used  for the treatment of diarrhea, dysentery, malaria, fever and cardiac as well as respiratory problems.  " 
}