{
    "title": "Amomum subulatum ",
    "main_image": "023.webp",
    "Common name": "Black cardamom ",
    "Botanical Name": "Amomum subulatum ",
    "Vernacular name": "English-Greater cardamom  <br/>Hindi- Badi ilaayachi<br/>Gujarati-Mothi elichi",
    "Family": "Zingiberaceae" ,
"Class": "Liliopsida" ,
"Parts of plant used": "fruit" ,
"Chemical Constituents": "Volatile oil containing cineol." ,
"Therapeutic uses": " Used in Disease of tooth, Nausea, Itching, Disease of throat, Cough, Disease of mouth, Bleeding disorder, Disorders of blood. " 
}