{
    "title": "Anethum sowa ",
    "main_image": "024.webp",
    "Common name": "Suva, dill ",
    "Botanical Name": "Anethum sowa ",
    "Vernacular name": "English- India dil fruit <br/>Hindi-Sova <br/>Gujarati-Suva <br/>Sanskrit-Shatapuspha <br/>",
    "Family": "Apiaceae" ,
"Class": "Dicotyledonae" ,
"Parts of plant used": "Root" ,
"Chemical Constituents": "Essential oil" ,
"Therapeutic uses": "Dill is used in antibacterial, antiseptic, antispasmodic, cardio depressant carminative digestive.  " 
}