{
    "title": "Anthocephalus cadamba ",
    "main_image": "025.webp",
    "Common name": "Kadam ",
    "Botanical Name": "Anthocephalus cadamba ",
    "Vernacular name": "Hindi-Kadamba <br/>Gujarati-Kadam <br/>Sanskrit- Priyka<br/>",
    "Family": "Rubiaceae" ,
"Class": "Magnoliopsida" ,
"Parts of plant used": "Stem, bark" ,
"Chemical Constituents": "Alkaloids, fats, steroids and reducing sugar" ,
"Therapeutic uses": " The decoction of bark is effective for diarrhea, colitis and dysentery and also beneficial for skin infection.  " 
}