{
    "title": " Areca catechu ",
    "main_image": "026.webp",
    "Common name": "Sopari, Betel nut ",
    "Botanical Name": " Areca catechu ",
    "Vernacular name": "English- Areca nut  <br/>Hindi- Chaalia<br/>Gujarati-Sopari <br/>Sanskrit-Kramuka <br/>",
    "Family": "Palmae" ,
"Class": "Monocotyledonae" ,
"Parts of plant used": "Seed" ,
"Chemical Constituents": "Alkaloids, tannins and fats" ,
"Therapeutic uses": " It is used of betel as similar to tobacco or cocaine it is also been used as a sexual stimulant,laxative, diuretic  astringent and stomachic " 
}