{
    "title": "Aristolochia indica ",
    "main_image": "027.webp",
    "Common name": "Duck flower ",
    "Botanical Name": "Aristolochia indica ",
    "Vernacular name": "English-  Indian Birthwort<br/>Hindi-Ishwari <br/>Gujarati-Ruhimool <br/>Sanskrit- Gandhnakuli<br/>",
    "Family": "Aristolochiaceae" ,
"Class": "Dicotyledonae" ,
"Parts of plant used": "Root" ,
"Chemical Constituents": "Alkaloids, Essential oil, Bitter principles and fixed oil." ,
"Therapeutic uses": " It is used to treat cholera, fever, skin diseases, menstrual problem, ulcer and snake bites. " 
}