{
    "title": "Artemisia absinthium ",
    "main_image": "028.webp",
    "Common name": " Worm wood",
    "Botanical Name": "Artemisia absinthium ",
    "Vernacular name": "English- Worm wood <br/>Hindi- Vilayati afsantin<br/>Gujarati- Mastaru<br/>Sanskrit- Sugandhidru<br/>",
    "Family": "Asteraceae" ,
"Class": "Magnoliopsida" ,
"Parts of plant used": "Whole plant" ,
"Chemical Constituents": "Volatile oil, bitter principle absinthin, iso-absinthin." ,
"Therapeutic uses": " Used in Digestive impairment, Epilepsy, Chronic fever, Abscises, Worm infestation, Liver disease.  " 
}