{
    "title": "Artocarpus heterophyllus ",
    "main_image": "029.webp",
    "Common name": "Indian jack fruit ",
    "Botanical Name": "Artocarpus heterophyllus ",
    "Vernacular name": "English- Jack fruit <br/>Hindi-Kathar <br/>Gujarati- Phanus",
    "Family": "Moraceae" ,
"Class": "Magnoliopsida" ,
"Parts of plant used": " Root bark" ,
"Chemical Constituents": "Beta- sitosterol, Cycloartenone, Cycloartenol and Tannins" ,
"Therapeutic uses": " Used in  Diarrhea, Burning sensation, Bleeding disorder, Inflammation and in Skin diseases. " 
}