{
    "title": "Asteracantha longifolla ",
    "main_image": "030.webp",
    "Common name": "Kokilaksha ",
    "Botanical Name": "Asteracantha longifolla ",
    "Vernacular name": "English- Indian Berrberry <br/>Hindi- Darhald<br/>Gujarati- Daruharigra<br/>Sanskrit- Kokilaksi<br/>",
    "Family": "Acanthaceae" ,
"Class": "Magnoliopsida" ,
"Parts of plant used": "Whole plant" ,
"Chemical Constituents": "Alkaloids, essential oil, Yellow semi-drying oil, enzymes like diastase, lipase, protease." ,
"Therapeutic uses": "Used in treatment of jaundice, diuretics, rheumatism, hepatic, obstruction and dissolution of gallstones, kidney stones, liver dysfunction and disease of urinogential tracts.  " 
}