{
    "title": "Bacopa monnieri ",
    "main_image": "032.webp",
    "Common name": "Water hyssop ",
    "Botanical Name": "Bacopa monnieri ",
    "Vernacular name": "English- Thyme leaved gratiola <br/>Hindi- Manduka Parni<br/>Gujarati-Neerbrahmi <br/>Sanskrit-Saraswati <br/>",
    "Family": "Scrophulariaceae" ,
"Class": "Dicotyledonae" ,
"Parts of plant used": "Whole plant" ,
"Chemical Constituents": "Alkaloids" ,
"Therapeutic uses": "Used to treat Alzheimer disease, memory and thinking skills (cognitive function), anxiety, and attention deficit-hyperactivity disorder (ADHD).  " 
}