{
    "title": "Baliaspermum mantanum",
    "main_image": "033.webp",
    "Common name": "Red physic nut ",
    "Botanical Name": "Baliaspermum mantanum",
    "Vernacular name": "English- Wild Croton <br/>Hindi- Danti<br/>Gujarati-Danti <br/>Sanskrit- Danti<br/>",
    "Family": "Euphorbiaceae" ,
"Class": "Dicotyledonae" ,
"Parts of plant used": "Root" ,
"Chemical Constituents": "Beta- Sitosterol and Triterpenoids, Resinous Glycosides, PhorbolEsters." ,
"Therapeutic uses": "Used in treatment of constipation, abdominal pain, general anasarca, piles, calculus, helminthic infections, scabies, dermis affections, suppurative ulcers and diseases caused by the morbidity of kapha and pitta.  " 
}