{
    "title": "Barleria prionitis ",
    "main_image": "034.webp",
    "Common name": "Yellow nail dye ",
    "Botanical Name": "Barleria prionitis ",
    "Vernacular name": "Hindi- Sahacara<br/>Gujarati-Kanta-saerio <br/>Sanskrit- Kurantaka<br/>",
    "Family": "Acanthaceae" ,
"Class": "Magnoliopsida" ,
"Parts of plant used": "Whole plant" ,
"Chemical Constituents": "Alkaloids, potassium and Beta-sitosterol" ,
"Therapeutic uses": " It is used in treatment of toothache, catarrhal affections, whooping cough, inflammations, glandular swellings, urinary infection, jaundice, fever, gastrointestinal disorders and as diuretic and tonic. " 
}