{
    "title": "Bauhinia racemosa ",
    "main_image": "036.webp",
    "Common name": "Bidi leaf tree ",
    "Botanical Name": "Bauhinia racemosa ",
    "Vernacular name": "English- -  Bidi leaf tree <br/>Hindi-Ashta <br/>Gujarati- Aasotaro",
    "Family": "Caesalpiniaceae" ,
"Class": "Dicotyledonae" ,
"Parts of plant used": "Bud" ,
"Chemical Constituents": "Quercetin, Isoquercetin." ,
"Therapeutic uses": " Used in  Psychotic syndrome, Burning sensation, Goiter, Cervical lymphadenitis, Metabolic disorder, Disorders of blood and in Burning sensation " 
}