{
    "title": "Bauhinia variegate Blume",
    "main_image": "037.webp",
    "Common name": " Kachnar, Orchid tree",
    "Botanical Name": "Bauhinia variegate Blume",
    "Vernacular name": "English- Mountain Ebony <br/>Hindi-Kanchanar <br/>Gujarati- Chamapakati<br/>Sanskrit-Kancanaraka <br/>",
    "Family": "Leguiminosae" ,
"Class": "Magnoliopsida" ,
"Parts of plant used": "Stem bark" ,
"Chemical Constituents": "Tannins" ,
"Therapeutic uses": " Used as liver tonic and in treatment of ulcers. It is widely used for the manufacturing of wood wool board, production of gum, and also to cure a number of diseases like diabetes, inflammation, immunomodulation, tumor, ulceration, and cancer. " 
}