{
    "title": "Boerhaavia diffusa ",
    "main_image": "038.webp",
    "Common name": "Punarnava ",
    "Botanical Name": "Boerhaavia diffusa ",
    "Vernacular name": "English- Horse purslene <br/>Hindi- Gadapurna<br/>Gujarati-Motosatoda <br/>Sanskrit-Kathilla <br/>",
    "Family": "Nyctaginaceae" ,
"Class": "Dicotyledonae" ,
"Parts of plant used": "Whole plant" ,
"Chemical Constituents": "Alkaloids" ,
"Therapeutic uses": "Used to treat accumulation of fluids in the body. It is also used in the treatment of anemia and liver diseases as recommended by Indian Ayurveda.    " 
}