{
    "title": "Boerhaavia verticillata ",
    "main_image": "039.webp",
    "Common name": "Scarlet spiderling ",
    "Botanical Name": "Boerhaavia verticillata ",
    "Vernacular name": "English- Blunt leaved hogweed <br/>Hindi-Safed punarnavaa <br/>Gujarati- Vasedo<br/>Sanskrit-Vrsciva <br/>",
    "Family": "Nyctaginaceae" ,
"Class": "Dicotyledonae" ,
"Parts of plant used": "Root" ,
"Chemical Constituents": "Starch" ,
"Therapeutic uses": " It protects and heals the liver and kidney and reduces body heat, it   rejuvenator that gives strength to organs and help to induce vomiting. " 
}