{
    "title": "Bombax ceiba",
    "main_image": "040.webp",
    "Common name": "Silk cotton tree ",
    "Botanical Name": "Bombax ceiba",
    "Vernacular name": "English-Silk cotton tree  <br/>Hindi-Semar <br/>Gujarati-Shemalo <br/>Sanskrit-Raktapuspa <br/>",
    "Family": "Bombaceae" ,
"Class": "Magnoliopsida" ,
"Parts of plant used": "Stem bark" ,
"Chemical Constituents": "Saponin, Tanin and Gum" ,
"Therapeutic uses": " The exudate is taken orally to treat diahorrea and worms, " 
}