{
    "title": "Caesalpinia bonduc ",
    "main_image": "043.webp",
    "Common name": "Fever nut ",
    "Botanical Name": "Caesalpinia bonduc ",
    "Vernacular name": "English- Bonduc nut <br/>Hindi- Karanja<br/>Gujarati-Kaanchakaa <br/>Sanskrit- Kuberaksa<br/>",
    "Family": "Caesalpiniaceae" ,
"Class": "Dicotyledonae" ,
"Parts of plant used": "Seed" ,
"Chemical Constituents": "Fixed oil, phytosterol, Starch and sugar" ,
"Therapeutic uses": " It has anthelmintic activity, anti-amyloidogenic activity, immunomodulatory, analgesic, antipyretic, anti-inflammatory, antitumor, antioxidant activity, antidiabetic and hypoglycemic activity, and also used as nootropic or memory enhancer. " 
}