{
    "title": "Caesalpinia crista ",
    "main_image": "044.webp",
    "Common name": " Crested fever nut",
    "Botanical Name": "Caesalpinia crista ",
    "Vernacular name": "English- Indian elm <br/>Hindi-Chilbil <br/>Gujarati-Charela <br/>Sanskrit-Cirabilvah <br/>",
    "Family": "Caesalpiniaceae" ,
"Class": "Angiospermae" ,
"Parts of plant used": " Stem bark" ,
"Chemical Constituents": "Flavonoids, Saponin and Alkaloids" ,
"Therapeutic uses": "Used as anthelmintic activity, immunomodulatory, analgesic, antipyretic, anti-inflammatory, antitumor, antioxidant activity, anti-diabetic and hypoglycemic activity, and also used as nootropic or memory enhancer.  " 
}