{
    "title": "Caesalpinia sappan",
    "main_image": "045.webp",
    "Common name": "Sapan ",
    "Botanical Name": "Caesalpinia sappan",
    "Vernacular name": "English-  Sappanwood<br/>Hindi- Pagang<br/>Gujarati-Patang <br/>Sanskrit-Patranga <br/>",
    "Family": "Caesalpiniaceae" ,
"Class": "Magnoliopsida" ,
"Parts of plant used": "Heart Wood " ,
"Chemical Constituents": "Brasilin, Essential oils, Saponin Glycoside, Amino Acids and Sugars." ,
"Therapeutic uses": " Used as haemostatic, anti-inflammatory, in  treatment for contusion and thrombosis. " 
}