{
    "title": "Calamus rotang",
    "main_image": "046.webp",
    "Common name": " Cane",
    "Botanical Name": "Calamus rotang",
    "Vernacular name": "English- Common rattan <br/>Hindi-Beta<br/>Gujarati- Netar",
    "Family": "Arecaceae" ,
"Class": "Liliopsida" ,
"Parts of plant used": " Rhizome" ,
"Chemical Constituents": "Saponin, Alkaloids and Flavonoids" ,
"Therapeutic uses": " Used in Piles, Calculus, Burning sensation, Fever,  Cough, diseases of skin, Metabolic disorder, Dysentery, Bleeding disorder and in Inflammation. " 
}