{
    "title": "Calotropis procera",
    "main_image": "048.webp",
    "Common name": " Apple of sodam",
    "Botanical Name": "Calotropis procera",
    "Vernacular name": "English- Madar plant <br/>Hindi-Aak, Madar <br/>Gujarati-Aakado <br/>Sanskrit-Ravi, Bannu  <br/>",
    "Family": "Apocynaceae",
    "Class": "Dicotyledonae ",
    "Parts of plant used": "Roots",
    "Chemical Constituents": "Glycosides(calotropin)",
    "Therapeutic uses": " Used for digestive disorders including diarrhea, constipation and stomach ulcers, for painful conditions including tootache, cramps, and joint pain, and for parasite infection including worms and elephantiasis. " 
}