{
    "title": "Cardiospermum halicacabum ",
    "main_image": "049.webp",
    "Common name": " Heart Pea",
    "Botanical Name": "Cardiospermum halicacabum ",
    "Vernacular name": "English-  Ballon Vine<br/>Hindi-Kaanphuti <br/>Gujarati- Bodha; Kapaalphodi<br/>Sanskrit- Sakakralata<br/>",
    "Family": "Sapindaceae" ,
"Class": "Dicotyledonae" ,
"Parts of plant used": " Seed, Root" ,
"Chemical Constituents": "Fixed oil" ,
"Therapeutic uses": " Used as  antidiarrhoeal, anxiolytic, rubefacient, antipyretic, anti-inflammatory, anticonvulsant, and anticarcinogenic and enhance the hair growth. " 
}