{
    "title": "Carica Papaya L.",
    "main_image": "051.webp",
    "Common name": "Pawpaw",
    "Botanical Name": "Carica papaya L.",
    "Vernacular name": "English- Papaya </br> Hindi- Papitaa </br> Gujarati- Papaiyu </br> Sanskrit- Gopalakarkati </br>",
    "Family": "Caricaceae" ,
"Class": "Dicotyledonae" ,
"Parts of plant used": "Root, Fruit" ,
"Chemical Constituents": "β-carotene, Papain, Carpine" ,
"Therapeutic uses": "Used in worm infestation, cough, disorders of blood, asthama, gout " 
}