{
    "title": "Cassia angustifolia Vahl.",
    "main_image": "053.webp",
    "Common name": "Alexandriean senna ",
    "Botanical Name": "Cassia angustifolia Vahl.",
    "Vernacular name": "English- India senna </br> Hindi- Hindisana </br> Gujarati- Mindhiaval </br>",
    "Family": "Leguminosae" ,
"Class": "Magnoliopsida" ,
"Parts of plant used": "Leaf" ,
"Chemical Constituents": "Anthraquinone glycosides, renin, steroids, flavonoids" ,
"Therapeutic uses": "Used traditionally to cure number of diseases like liver diseases, constipation, typhoid, cholera., etc. " 
}