{
    "title": "Cassia fistula",
    "main_image": "054.webp",
    "Common name": "Garmalo ",
    "Botanical Name": "Cassia fistula",
    "Vernacular name": "English- Indian laburnum </br> Hindi- Girimaal </br> Gujarati- Garmaalo </br> Sanskrit- Sampaka </br>",
    "Family": "Leguminosae" ,
"Class": "Dicotyledonae" ,
"Parts of plant used": "Stem bark" ,
"Chemical Constituents": "Anthraquinones, tannin, sterols" ,
"Therapeutic uses": "Used as purgative, self medication, as laxatives, used in convulsions and has anti-pyretic effects. " 
}