{
    "title": "Cassia sophera",
    "main_image": "055.webp",
    "Common name": "Kasundro ",
    "Botanical Name": "Cassia sophera",
    "Vernacular name": "English- Senna sophera </br> Hindi- Kasunda </br>",
    "Family": "Leguminosae" ,
"Class": "dicotyledonae" ,
"Parts of plant used": "Bark, seed and leaves" ,
"Chemical Constituents": "Flavonoida [6,7] and anthraquinone [8,9]" ,
"Therapeutic uses": "for the treatment of multiple health complications including skin conditions such as ringworm and respiratory disorders such as asthama and bronchitis. It is helpful in reducing pain in joints. " 
}