{
    "title": "Cedrela toona roxb.",
    "main_image": "056.webp",
    "Common name": "Red cedar ",
    "Botanical Name": "Cedrela toona Roxb.",
    "Vernacular name": "English- Red cedar </br> Hindi- Tuni </br> Gujarati- Toonee </br> Sanskrit- Nandi </br>",
    "Family": "Meliaceae" ,
"Class": "Magnoliopsia" ,
"Parts of plant used": "Stem, bark" ,
"Chemical Constituents": "Triterpenoids" ,
"Therapeutic uses": "It is useful in chronic dysentry, leprosy, cures fever, headache, blood complaints, cardio tonic, aphrodisiac, and ulcers. " 
}