{
    "title": "Celosia argentea L.",
    "main_image": "057.webp",
    "Common name": "Crested cock comb ",
    "Botanical Name": "Celosia argentea L.",
    "Vernacular name": "English- Silver spiked cock's comb </br> Hindi- Suravaali </br> Gujarati- Lonpadi </br>",
    "Family": "Amaranthaceae" ,
"Class": "Magnoliopsida" ,
"Parts of plant used": "Seed" ,
"Chemical Constituents": "Nonapeptide, celogenamide, celosian, acidic polysaccharide" ,
"Therapeutic uses": "Used in treatment opf calculus, piles, diarrhea, abdominal lump, and in heart diseases. " 
}