{
    "title": "Centratherum anthelminticum",
    "main_image": "059.webp",
    "Common name": "Black cumin ",
    "Botanical Name": "Centratherum anthelminticum",
    "Vernacular name": "English- Purple Flebane </br> Hindi- Kaalijeeree </br> Gujarati- Kaaleejeeree </br> Sanskrit- Somaraji </br>",
    "Family": "Asteraceae" ,
"Class": "Magnoliopsida" ,
"Parts of plant used": "Fruit" ,
"Chemical Constituents": "Sterol" ,
"Therapeutic uses": "Used for curing common ailments such as fever, cough, and diarrhea and also used as a general tonic. " 
}