{
    "title": "Cinnamomum camphora",
    "main_image": "060.webp",
    "Common name": "Camphor ",
    "Botanical Name": "Cinnamomum camphora",
    "Vernacular name": "English- Camphor </br> Hindi- Kapur </br> Gujarati- Kapur </br>",
    "Family": "Lauraceae" ,
"Class": "Magnoliopsida" ,
"Parts of plant used": "Leaf" ,
"Chemical Constituents": "Essential oil" ,
"Therapeutic uses": "Used in rheumatism, diarrhea, burning sensation, toothache, chronic sinusitis, itching, disease of throat and cough. " 
}