{
    "title": "Cinnamomum tamala",
    "main_image": "061.webp",
    "Common name": "Indian bay leaf ",
    "Botanical Name": "Cinnamomum tamala",
    "Vernacular name": "English- Indian Cinnamon </br> Hindi- Tejpata </br> Gujarati- Tamala patra </br> Sanskrit- Patra </br> ",
    "Family": "Lauraceae" ,
"Class": "Magnoliopsida" ,
"Parts of plant used": "Leaf" ,
"Chemical Constituents": "Essential oil (Eugenol)" ,
"Therapeutic uses": "Used to treat bad odour of mouth, help to remove black spots on face, dental caries, used to treat cough, rheumatoid arthritis. " 
}