{
    "title": "Cinnamomum zeylanicum Blume.",
    "main_image": "062.webp",
    "Common name": "Taj, Cinnamomum ",
    "Botanical Name": "Cinnamomum zeylanicum Blume.",
    "Vernacular name": "English- Cinnamon bark </br> Hindi- Daalcinii </br> Gujarati- Daalcinii </br> Sanskrit- Darusita </br>",
    "Family": "Lauraceae" ,
"Class": "Dicotyledonae" ,
"Parts of plant used": "Bark" ,
"Chemical Constituents": "Essential oil, mucilage, tannins" ,
"Therapeutic uses": "Antioxidant, anti-inflammatory, antidiabetic, antimicrobial, anticancer, lipid-lowering, and cardiovascular disease lowering compound, cinnamon has also been reported to have activities against neurological disorders. " 
}