{
    "title": "Cissampelos pareira Linn.",
    "main_image": "063.webp",
    "Common name": "Abuta ",
    "Botanical Name": "Cissampelos pareira Linn.",
    "Vernacular name": "English- Velvet leaf </br> Hindi- Akanandi </br> Gujarati- Kalipath </br> Sanskrit- Ambasthaki </br>",
    "Family": "Menisperrnaceae" ,
"Class": "Magnoliopsida" ,
"Parts of plant used": "Root" ,
"Chemical Constituents": "Alkaloids, saponin, flavonols, quaternary ammonium bases and sterols" ,
"Therapeutic uses": "Used in the treatment of chronic non-healing ulcers and sinuses. In the treatment of chronic skin diseases and in treatment of poisonous bites. " 
}