{
    "title": "Cissus quadrangularis",
    "main_image": "064.webp",
    "Common name": "Haadsankal ",
    "Botanical Name": "Cissus quadrangularis",
    "Vernacular name": "Hindi- Hadjod </br> English- Devil's Backbone </br> Gujarati- Hadsankala </br> Sanskrit- Vajravalli </br>",
    "Family": "Vitaceae" ,
"Class": "Dicotyledonae" ,
"Parts of plant used": "Stem, aerial plant" ,
"Chemical Constituents": "Carotene, calcium oxalate, ascorbic acid, triterpenoids, β-sitosterol" ,
"Therapeutic uses": "Improves fracture healing, improves bone mineral density. " 
}