{
    "title": "Citrus limon",
    "main_image": "065.webp",
    "Common name": "Nimbu, Lemon ",
    "Botanical Name": "Citrus limon",
    "Vernacular name": "Hindi- Nimbu </br> English- Lemon </br> Gujarati- Limbu </br> Sanskrit- Jambira </br>",
    "Family": "Rutaceae" ,
"Class": "Dicotyledonae" ,
"Parts of plant used": "Fruit" ,
"Chemical Constituents": "Limonene, citral" ,
"Therapeutic uses": "Important for its vitamin C value and for its potassium content. Epidemiological studies associate the intake of citrus fruit with a reduction in the risk of various diseases. Antioxidant and anticancer actions are being investigated and a role in hypocitraturic calcium nephrolithiasis has been sugested. Lemon also shows some antimicrobial activity.  " 
}