{
    "title": "Citrus medica Linn.",
    "main_image": "066.webp",
    "Common name": "Citron ",
    "Botanical Name": "Citrus medica Linn.",
    "Vernacular name": "English- Wild lemon, Citron </br> Hindi- Bijoura </br> Gujarati- Bijora </br> Sanskrit- Mutulunga </br>",
    "Family": "Rutaceae" ,
"Class": "Dicotyledonae" ,
"Parts of plant used": "Fruit" ,
"Chemical Constituents": "Volatile oil" ,
"Therapeutic uses": "Used to treat abdominal colic, digestive disorders and piles. " 
}