{
    "title": "Clitoria ternatea Linn.",
    "main_image": "067.webp",
    "Common name": "Asian pigeonwings, Butterfly pea ",
    "Botanical Name": "Clitoria ternatea Linn.",
    "Vernacular name": "English- Clitoria </br> Hindi- Aparajita </br> Gujarati- Gokami </br> Sanskrit- Girikarnika </br>",
    "Family": "Fabaceae" ,
"Class": "Dicotyledonae" ,
"Parts of plant used": "Roots, leaf" ,
"Chemical Constituents": "Taraxerol, tanin, starch, resin and taraxerone, glycosides" ,
"Therapeutic uses": "Used as nootropic, antistress, anxiolytic, antidepressant, anticonvulsant, tranquilizing and sedative agent. " 
}