{
    "title": "Coleus amboinicus",
    "main_image": "068.webp",
    "Common name": "Ajamapaan ",
    "Botanical Name": "Plectranthus amboinicus",
    "Vernacular name": "English- Country borage, Indian borage </br> Hindi- Pattaajvaayana </br> Gujarati- Ovaapaan </br> Sanskrit- Karpuravalli </br>",
    "Family": "Lamiaceae" ,
"Class": "Dicotyledonae" ,
"Parts of plant used": "Leaf" ,
"Chemical Constituents": "Thymol, Eugenol, Chavicol, ethyl salicylate" ,
"Therapeutic uses": "The leaves are strongly flavoured and are used for stuffing of meat and poultry, beef, lamb and game and are used to make fritters in Telugu. " 
}