{
    "title": "Coleus forskohlii Briq.",
    "main_image": "069.webp",
    "Common name": "Plectranthus barbatus ",
    "Botanical Name": "Coleus forskohlii Briq.",
    "Vernacular name": "English- Plectranthus barbatus </br> Hindi- Garmar </br> Gujarati- Garmal </br> Sanskrit- Gandira </br>",
    "Family": "Lamiaceae" ,
"Class": "Magnoliopsida" ,
"Parts of plant used": "Root" ,
"Chemical Constituents": "Diterpene, coleonol, coleosol, deoxy-coleonol, forskohlin, naphthopyrone, coleoforsine" ,
"Therapeutic uses": "Used as a potential drug for hypertension, congestive heart failure, eczema, colic, respiratory disorders, painful urination, insomnia and convulsions. " 
}