{
    "title": "Commiphora mukul",
    "main_image": "070.webp",
    "Common name": "Guggul, Guggal ",
    "Botanical Name": "Commiphora mukul",
    "Vernacular name": "English- Gum gugul </br> Hindi- gugal, guggul </br> Sanskrit- Mahisaka, pura </br> Gujarati- Gugar, guggal",
    "Family": "Burseraceae" ,
"Class": "Magnoliopsida" ,
"Parts of plant used": "Exudate of bark" ,
"Chemical Constituents": "Resin, essential oils, steroids, gum" ,
"Therapeutic uses": "Used for high cholesterol, hardening of the arteries (atherosclerosis) and weight loss in people who are obese or overweight. " 
}