{
    "title": "Convovulus pluricaulis Choisy.",
    "main_image": "071.webp",
    "Common name": "Shankh pushpi ",
    "Botanical Name": "Convovulus pluricaulis ",
    "Vernacular name": "Hindi- Shankhpushpi, shankhuli or shankhul </br> Gujarati- Shankhavali </br> Sanskrit- Shankhapuspa </br> English- Morning glory or bindweed </br>",
    "Family": "Convolvulaceae" ,
"Class": "Magnoliopsida" ,
"Parts of plant used": "Whole plant" ,
"Chemical Constituents": "Alkaloids" ,
"Therapeutic uses": "Used to treat cough, epilepsy, anxiety, hallucination " 
}