{
    "title": "Cordia dichotoma Forst.",
    "main_image": "072.webp",
    "Common name": "Gunda ",
    "Botanical Name": "Cordia dichotoma Forst.",
    "Vernacular name": "English- Sebesten </br> Hindi- Lasora </br> Gujarati- Gundaa </br>",
    "Family": "Boranginaceae" ,
"Class": "Magnoliopsida" ,
"Parts of plant used": "Fruit, stem, bark" ,
"Chemical Constituents": "β- sitosterol, palmitic, stearic and oleic acids" ,
"Therapeutic uses": "Used in fever, cough, worm infestation, disorders of blood, bleeding disorder, seminal stress, asthama and in syphilis. " 
}