{
    "title": "Coriandrum sativum Linn.",
    "main_image": "073.webp",
    "Common name": "Coriander ",
    "Botanical Name": "Coriandrum sativum Linn.",
    "Vernacular name": "English- Coriander fruit </br> Hindi- dhaniya </br> Gujarati- Dhana </br> Sanskrit- Dhanika, dhaniya </br>",
    "Family": "Umbelliferae" ,
"Class": "Dicotyledonae" ,
"Parts of plant used": "Fruit" ,
"Chemical Constituents": "Essential oil" ,
"Therapeutic uses": "Used as analgesic, antibacterial agent and as anti-inflammatory. " 
}