{
    "title": "Cuminum cyminum Linn.",
    "main_image": "075.webp",
    "Common name": "Cumin ",
    "Botanical Name": "Cuminum cyminum Linn.",
    "Vernacular name": "English- Cumin seed </br> Hindi- Jira </br> Gujarati- Jiru </br> Sanskrit- Ajajika </br>",
    "Family": "Umbelliferae" ,
"Class": "Magnoliopsida" ,
"Parts of plant used": "Fruit" ,
"Chemical Constituents": "Essential oil" ,
"Therapeutic uses": "Used in trat=ditional medicine to treat a variety of diseases like chronic diarrhea and dyspepsia, acute gastritis, diabetes and cancer. " 
}