{
    "title": "Curculigo orchioides Gaertn.",
    "main_image": "076.webp",
    "Common name": "Golden eye grass ",
    "Botanical Name": "Curculigo orchioides Gaertn.",
    "Vernacular name": "Hindi- Kalimusli </br> Gujarati- Kalimusali </br> Sanskrit- Bhumitila </br>",
    "Family": "Amaryllidaceae" ,
"Class": "Monocotyledonae" ,
"Parts of plant used": "Rhizome" ,
"Chemical Constituents": "Sapogenin, alkaloids, tanins and resin" ,
"Therapeutic uses": "Used in treatment of limb limpness, arthritis of the lumbar and knee joints and watery diarrhea. " 
}