{
    "title": "Curcuma amada Roxb.",
    "main_image": "077.webp",
    "Common name": "Mango-ginger ",
    "Botanical Name": "Curcuma amada Roxb.",
    "Vernacular name": "English- Mango-ginger </br> Hindi- Aamaa haldi </br> Gujarati- Aambaa haldhar </br> Sanskrit- Amradrakam </br>",
    "Family": "Zingiberaceae" ,
"Class": "Liliopsida" ,
"Parts of plant used": "Rhizome" ,
"Chemical Constituents": "Volatile oil, alpha-curcumene, 1-β-curcumene, phytosterol" ,
"Therapeutic uses": "Used as alexteric, antipyretic, aphrodisiac, diuretic, emollient, expectorant and laxative and to curebiliousness, itching, skin diseases, bronchitis, asthama, hiccup and inflammation due to injuries. " 
}