{
    "title": "Curcuma longa Linn.",
    "main_image": "078.webp",
    "Common name": "Turmeric ",
    "Botanical Name": "Curcuma longa Linn.",
    "Vernacular name": "English- Turmeric </br> Hindi- Haldi </br> Gujarati- Haldar </br> Sanskrit- Rajani, Nisa </br>",
    "Family": "Zingiberaceae" ,
"Class": "Liliopsida" ,
"Parts of plant used": "Rhizome" ,
"Chemical Constituents": "Essential oil and colouring matter (curcumin)" ,
"Therapeutic uses": "Used as anticancer, antimicrobial, anti-inflammatory and free radical scavenging activity. " 
}