{
    "title": "Curcuma zedoaria Rose",
    "main_image": "079.webp",
    "Common name": "White turmeric ",
    "Botanical Name": "Curcuma zedoaria Rose",
    "Vernacular name": "English- Zedoary </br> Hindi- Kacura </br> Gujarati- Kachuro </br> Sanskrit- Kaccura </br>",
    "Family": "Zingiberaceae" ,
"Class": "Magnoliopsida" ,
"Parts of plant used": "Rhizome" ,
"Chemical Constituents": "Essential oil and resin" ,
"Therapeutic uses": "Used for its rubefacient, carminative, expectorant, demulcent, diuretic and stimulant properties. " 
}