{
    "title": "Cymbopogon citratus",
    "main_image": "080.webp",
    "Common name": "Lemon grass ",
    "Botanical Name": "Cymbopogon citratus",
    "Vernacular name": "English- Lemon grass </br> Hindi- Gandhatrun </br> Gujarati- Lilichaa </br> Sanskrit- Bhutika </br>",
    "Family": "Poaceae" ,
"Class": "Magnoliopsida" ,
"Parts of plant used": "Whole plant" ,
"Chemical Constituents": "Essential oil like citral, geraniol and terpenes" ,
"Therapeutic uses": "Used as fragnance and flavouring agent and in folk medicine as an antispasmodic, hypotensive, anticonvulsant, analgesic, antiemetic, antitussive, antirheumatic, antiseptic and treatment for nervous and gastrointestinal disorders and fever. " 
}