{
    "title": "Cynodon dactylon Linn.",
    "main_image": "081.webp",
    "Common name": "Bermuda grass ",
    "Botanical Name": "Cynodon dactylon Linn.",
    "Vernacular name": "English- creeping cynodon </br> Hindi- Doob </br> Gujarati- Khadodhra </br> Sanskrit- Satavirya </br>",
    "Family": "Poaceae" ,
"Class": "Monocotyledonae" ,
"Parts of plant used": "Root, whole plant" ,
"Chemical Constituents": "Phenolic phytotoxin and flavonoids" ,
"Therapeutic uses": "Used to treat cancer, convulsions, cough, cramps, dropsy, dysentry, epilepsy, headache, hypertension, hysteria, measles, rubella, snakebite, sores, stones, tumors, urogenital disorders, warts and wounds. " 
}