{
    "title": "Cyperus rotundus Linn.",
    "main_image": "082.webp",
    "Common name": "Purple nutsedge ",
    "Botanical Name": "Cyperus nutsedge Linn.",
    "Vernacular name": "english- Nut grass </br> Hindi- Motha </br> Gujarati- Moth </br> Sanskrit- Mustaka </br>",
    "Family": "Cyperaceae" ,
"Class": "Monocotyledonae" ,
"Parts of plant used": "Rhizome" ,
"Chemical Constituents": "Volatile oil" ,
"Therapeutic uses": "Used as astringent, diaphoretic, diuretic, analgesic, antispasmodic, aromatic carminative, antitussive, sedative, stimulant, stomachic, vermifuge, tonic and antibacterial. " 
}