{
    "title": "Datura metel Linn.",
    "main_image": "084.webp",
    "Common name": "Daturo ",
    "Botanical Name": "Datura metel Linn.",
    "Vernacular name": "English- Thron-apple, Devil's trumpet, Metel </br> Hindi- Dhattura </br> Gujarati- Dhattura, kaladhatura, safedatura </br> Sanskrit- Kanaka </br> ",
    "Family": "Solanaceae" ,
"Class": "Magnoliopsida" ,
"Parts of plant used": "Seed, whole plant" ,
"Chemical Constituents": "Alkaloids-hyoscyamine, Tropane, glycosides and fixed oil" ,
"Therapeutic uses": "Used in treatment of stomach and intestinal pain that results from worm infestation, toothache and fever from inflammation. " 
}