{
    "title": "Desmostachya bipinnata Stapf.",
    "main_image": "086.webp",
    "Common name": "Big cord grass ",
    "Botanical Name": "Desmostachya bipinnata Stapf.",
    "Vernacular name": "English- Saved gram </br> Hindi- Kush </br> Gujarati- dabb </br> Sanskrit- Yagyabhusana </br>",
    "Family": "Poaceae" ,
"Class": "Monocotyledonae" ,
"Parts of plant used": "Root stock" ,
"Chemical Constituents": "Terpenes" ,
"Therapeutic uses": "Used to treat urinary calculi and other disease of the bladder, dysuria, vaginal discharges. " 
}