{
    "title": "Dioscorea bulbifera Linn.",
    "main_image": "087.webp",
    "Common name": "Air potato ",
    "Botanical Name": "Dioscorea bulbifera Linn.",
    "Vernacular name": "Hindi- Varahu Kanda </br> Gujarati- Dukkarkanda </br> Sanskrit- Varahikanda </br>",
    "Family": "Dioscoreaceae" ,
"Class": "Liliopsida" ,
"Parts of plant used": "Rhizome" ,
"Chemical Constituents": "Steroidal saponin" ,
"Therapeutic uses": "It has antioxidant, anti-inflammatory, antibacterial, plasmid curing, antidiabetic and anticancer avtivities. " 
}