{
    "title": "Doronicum hookeri",
    "main_image": "088.webp",
    "Common name": "Leopard bane ",
    "Botanical Name": "Doronicum hookeri",
    "Vernacular name": "English- Leopard bane </br> Hindi- Tarang </br>",
    "Family": "Asteraceae" ,
"Class": "Angiosperm" ,
"Parts of plant used": "Rhizome" ,
"Chemical Constituents": "Essential oil" ,
"Therapeutic uses": "Used in facial palsy, poisoning due to bites, uterine, pain, heart disease, paralysis, abdominal pain and during scorpian bites. " 
}