{
    "title": "Eclipta alba Hassk",
    "main_image": "089.webp",
    "Common name": "False daisy ",
    "Botanical Name": "Eclipta alba Hassk",
    "Vernacular name": "Hindi- Bhangara </br> Gujarati- Bhangaro </br> Sanskrit- Kesaraja </br>",
    "Family": "Asteraceae" ,
"Class": "Magnoliopsida" ,
"Parts of plant used": "Whole plant" ,
"Chemical Constituents": "Alkaloids, ecliptine, nicotine" ,
"Therapeutic uses": "Commonly used for traetment of gastrointestinal disorders, respiratory tract disorders (asthama), fever, hair loss and graying of hair, liver disorders. " 
}