{
    "title": "Elaeocarpus sphaericus Gaertn.",
    "main_image": "090.webp",
    "Common name": "Rudraksh ",
    "Botanical Name": "Elaeocarpus sphaericus Gaertn.",
    "Vernacular name": "Hindi- Rudraki </br> Gujarati- Rudraksh </br> Sanskrit- Chattu Sampangi </br>",
    "Family": "Elaeocarpaceae" ,
"Class": "Magnoliopsida" ,
"Parts of plant used": "Stem" ,
"Chemical Constituents": "Fixed oil and fatty acid" ,
"Therapeutic uses": "Used in the managing of blood pressure, asthma, mental disorders, diabetes, gynaecological disorders and neurological disorders. " 
}