{
    "title": "Embelia ribes Burm. F.",
    "main_image": "092.webp",
    "Common name": "False black pepper ",
    "Botanical Name": "Embelia ribes Buem. F.",
    "Vernacular name": "Hindi- Bhabhiranga </br> Gujarati- Vavading </br> Sanskrit- Jantughna </br>",
    "Family": "Myrsinaceae" ,
"Class": "Magnoliopsida" ,
"Parts of plant used": "Fruit" ,
"Chemical Constituents": "Benzoquinone, alkaloids, essential oil, tannins" ,
"Therapeutic uses": "Used as antibacterial, antifertility activities, antiprotozoal, abdominal disorders, lung diseases, constipation, indigestion, fungus infections, mouth ulcer sore throat, pneumonia, heart disease and obesity, analgesic, anti-inflammatory, antioxidant." 
}