{
    "title": "Emblica officinalis",
    "main_image": "093.webp",
    "Common name": "Amla ",
    "Botanical Name": "Emblica officinalis",
    "Vernacular name": "English- Emblic myrobalan </br> Hindi- Amla </br> Gujarati- Amala </br> Sanskrit- Amalaka, amrataphla </br>",
    "Family": "Euphorbiaceae" ,
"Class": "Dicotyledonae" ,
"Parts of plant used": "Fruits" ,
"Chemical Constituents": "Vitamin C (ascorbic acid), fat, phyllembin, tannin, mineral" ,
"Therapeutic uses": "Acrid, diuretic, refrigerant, laxative, diarrhea, dysentry, jaundice, dyspepsia, anaemiaalong with iron compound, in asthma and bronchitis and has antiviral effects." 
}