{
    "title": "Euphorbia hirta L.",
    "main_image": "096.webp",
    "Common name": "Hairy spurge ",
    "Botanical Name": "Euphorbia hirta L.",
    "Vernacular name": "English- Asthma weed </br> Hindi- Dudhi </br> Gujarati- Dudhi </br> Sanskrit- Brhat Dudhika </br>",
    "Family": "Euphorbiaceae" ,
"Class": "Dicotyledonae" ,
"Parts of plant used": "Whole plant" ,
"Chemical Constituents": "Flavonoids, Triterpenoids, Ellagotannin" ,
"Therapeutic uses": "Used in Worm infestation, Cough, in Bronchial asthma, in pain, Leprosy." 
}