{
    "title": "Feronia limonia Linn.",
    "main_image": "099.webp",
    "Common name": "Elephant apple, monkey fruit ",
    "Botanical Name": "Feronia limonia Linn.",
    "Vernacular name": "English- Wood apple </br> Hindi- Kaitha </br> Gujarati- Kondhu </br> Sanskrit- Danta </br>",
    "Family": "Rutaceae" ,
"Class": "Magnoliopsida" ,
"Parts of plant used": "Fruit pulp" ,
"Chemical Constituents": "Citric acid and mucilage" ,
"Therapeutic uses": "Used to cure cough, dysentery, heart diseases, vomiting, help to remove biliousness, blood impurities, asthma, tumors." 
}