{
    "title": "ANJEER",
    "main_image": "101.webp",
    "Common name": "Anjeer",
    "Botanical Name": "Ficus carica",
    "Vernacular name": "English-Fig <br/>Hindi-Guular <br/>Gujarati-Anjeer <br/>Sanskrit-Udumbara <br/>",
    "Family": "Moraceae" ,
"Class": "Dicotyledonae" ,
"Parts of plant used": "Root, Bark, Leaves and Latex" ,
"Chemical Constituents": "Copper, Manganese, Magnesium, Potassium, Gallic acid, Chlorogenic acid, Flavonoids , Catechin, and Rutin." ,
"Therapeutic uses": "Lowers blood pressure, helps in managing weight, guards against post-menopausal breast cancer, has anti-diabetic effects, useful in various heart diseases. " 
}