{
    "title": "CLUSTER FIG",
    "main_image": "102.webp",
    "Common name": "Cluster fig",
    "Botanical Name": "Ficus glomerata Roxb",
    "Vernacular name": "English-Cluster Fig  <br/>Hindi-Gullar<br/>Gujarati-Umardo <br/>Sanskrit-Jantuphala <br/>",
    "Family": "Moraceae" ,
"Class": "Dicotyledonae" ,
"Parts of plant used": "Fruit" ,
"Chemical Constituents": "Beta-sitosterol, Lupeol acetate and carbohydrate" ,
"Therapeutic uses": "It is used in diabetes, liver disorders, diarrhea, inflammatory conditions, hemorrhoids, respiratory, and urinary diseases. " 
}

