{
    "title": "OPPOSITE FIG LEAF",
    "main_image": "103.webp",
    "Common name": "Opposite fig leaf",
    "Botanical Name": "Ficus hispida Linn",
    "Vernacular name": "English-Wild fig <br/>Hindi-Konea-dumbar <br/>Gujarati-Tedumbaro <br/>Sanskrit-Malayu, Malpu <br/>",
    "Family": "Moraceae" ,
"Class": "Magnoliopsida" ,
"Parts of plant used": "Fruit and Root" ,
"Chemical Constituents": "Tannin, Saponin, Alkaloids" ,
"Therapeutic uses": "It is used for inducing purgation and emesis to remove excess pitta dosha from the body and provides strength and nourishment. " 
}
