{
    "title": "JAVA FIG",
    "main_image": "104.webp",
    "Common name": "Java Fig",
    "Botanical Name": "Ficus lacor Buch.",
    "Vernacular name": "Hindi-Pakad<br/>Gujarati-Pepli <br/>Sanskrit-Parkati <br/>",
    "Family": "Moraceae" ,
"Class": "Magnoliopsida" ,
"Parts of plant used": "Stem bark" ,
"Chemical Constituents": "Tannin, Sugar, Alkaloids, Glycosides" ,
"Therapeutic uses": "The bark is used for gargling to treat mouth ulcer and gingivitis and the specific amount is used to treat diarrhea, leucorrhea and help to control blood sugar level in diabetes. " 
}
