{
    "title": "RED RIVER FIG",
    "main_image": "105.webp",
    "Common name": "Red river fig",
    "Botanical Name": "<i>Ficus racemosa Linn.</i>",
    "Vernacular name": "English-Country fig <br/>Hindi-Gular <br/>Gujarati-Umerdo <br/>Sanskrit-Sadaphala <br/>",
    "Family": "Moraceae" ,
"Class": "Magnoliopsida" ,
"Parts of plant used": "Bark" ,
"Chemical Constituents": "Tannin" ,
"Therapeutic uses": "Used to treat diabetes, liver disorders, diarrhea, inflammatory conditions, hemorrhoids, respiratory, and urinary diseases, it act as anti-microbial." 
}
