{
    "title": "PEPAL",
    "main_image": "106.webp",
    "Common name": "Pepal",
    "Botanical Name": "Ficus religiosa Linn.",
    "Vernacular name": "English-Pipal tree <br/>Hindi-Pipala <br/>Gujarati-Jari <br/>Sanskrit-Pippala <br/>",
    "Family": "Moraceae" ,
"Class": "Magnoliopsida" ,
"Parts of plant used": "Bark" ,
"Chemical Constituents": "Tannin" ,
"Therapeutic uses": "It is used as antimicrobial, anti-diabetic, anti-inflammatory, help in wound healing and analgesic property. " 
}
