{
    "title": "SWEET FENNEL",
    "main_image": "107.webp",
    "Common name": "Sweet fennel",
    "Botanical Name": "<i>Foeniculum vulgare Mill</i>",
    "Vernacular name": "English-Fennel fruit <br/>Hindi-Saunf <br/>Gujarati-Varilyali <br/>Sanskrit-Misi, Madhurika <br/>",
    "Family": "Umbelliferacae" ,
"Class": "Magnoliopsida" ,
"Parts of plant used": "Fruit" ,
"Chemical Constituents": "Essiential oil and fixed oil" ,
"Therapeutic uses": "Used as carminative, digestive, lactogogue and diuretic and in treating respiratory and gastrointestinal disorders." 
}
