{
    "title": "GUMMY GARDENIA",
    "main_image": "108.webp",
    "Common name": "Gummy gardenia",
    "Botanical Name": "<i>Gardenia gummifera</i>",
    "Vernacular name": "English-Gummy gardenia <br/>Hindi-Naadihingu <br/>Gujarati-Dikaamaari  <br/>",
    "Family": "Rubiaceae" ,
"Class": "Dicotyledonae" ,
"Parts of plant used": "Exudate" ,
"Chemical Constituents": "Gardenin, 3, 4, 5-apigenin, demethoxysudachitin and 3, 5-dihydoxy-4-methoxywogonin." ,
"Therapeutic uses": "Used in digestive impairment, Abdominal lump, Hiccup, Helminthiasis, Obesity, Pain in the abdomen." 
}
