
{
    "title": "INDIAN-WINTERGREEN",
    "main_image": "109.webp",
    "Common name": "Indian-wintergreen",
    "Botanical Name": "<i>Gaultheria fragrantissima Wall</i>",
    "Vernacular name": "English- Oil of wintergreen <br/>Hindi-Machino <br/>Gujarati-Gandhapuro<br/>",
    "Family": "Ericaceae" ,
"Class": "Dicotyledonae" ,
"Parts of plant used": "Seed" ,
"Chemical Constituents": "Methyl salicylate" ,
"Therapeutic uses": "Used in Rheumatism, Diarrhoea, Toothache, Fever, Intestinal worms and Gout." 
}
