{
    "title": "JETHIMADH",
    "main_image": "110.webp",
    "Common name": "Jethimadh",
    "Botanical Name": "<i>Glycyrrhiza glabra Linn.</i>",
    "Vernacular name": "English-Liquore rice <br/>Hindi-Mulathi, Muleti <br/>Gujarati-Jethimadh <br/>Sanskrit-Yasthimadhuka <br/>",
    "Family": "Leguminosae" ,
"Class": "Dicotyledonea" ,
"Parts of plant used": "Roots and stem" ,
"Chemical Constituents": "Glycyrrhizin, glycyrrhitic acid, sugar, resin, volatile oils, and starch." ,
"Therapeutic uses": "High phenolic content compounds present in Glycyrrhizaglabra Linn. is responsible for its strong antioxidant activity due to free radical scavenging, metal ion chelating, hydrogen-donating, anti-lipid peroxidative and reducing activities." 
}
