{
    "title": "GUMHAR",
    "main_image": "111.webp",
    "Common name": "Gumhar",
    "Botanical Name": "<i>Gmelia arborea Roxb</i>",
    "Vernacular name": "English-Cander tree <br/>Hindi-Gambhar <br/>Gujarati-Shivan <br/>Sanskrit-Kasmari <br/>",
    "Family": "Verbenaceae" ,
"Class": "Magnoliopsida" ,
"Parts of plant used": "Root bark" ,
"Chemical Constituents": "Alkaloid and lignans" ,
"Therapeutic uses": "Used as anthelmintic, antimicrobial, anti-diabetic, anti-aging, diuretic, analgesic, hepato-protective and anti-epileptic agent." 
}
