{
    "title": "LEVANT COTTON",
    "main_image": "112.webp",
    "Common name": "Levant cotton",
    "Botanical Name": "<i>Gossypium herbaceum Linn.</i>",
    "Vernacular name": "English-Cotton plant seed <br/>Hindi-Kapasa <br/>Gujarati-Kapas <br/>Sanskrit-Tundakesi <br/>",
    "Family": "Malvaceae" ,
"Class": "Dicotyledonae" ,
"Parts of plant used": "Seed" ,
"Chemical Constituents": "Resin, sterols and fixed oils" ,
"Therapeutic uses": "Used as after birth to expel the placenta and to increase the lactation, as well as for gastrointestinal issues, such as hemorrhages and diarrhea, for nausea, fevers and headaches. And also used for food, feed or oil extraction." 
}
