{
    "title": "AUSTRALIAN COWPLANT",
    "main_image": "113.webp",
    "Common name": "Australia cowplant",
    "Botanical Name": "<i>Gymnema sylvestre</i>",
    "Vernacular name": "English-Periploca of wood <br/>Hindi-Gudmaar <br/>Gujarati-Kaavalee <br/>Sanskrit-Madhunasina <br/>",
    "Family": "Asclepiadaceae" ,
"Class": "Magnoliopsida" ,
"Parts of plant used": "Leaf, Root" ,
"Chemical Constituents": "Triterpenoids, Hydrocarbon, Amino acid, Resin" ,
"Therapeutic uses": "Help in fighting sugar cravings and in lower high blood sugar levels, used in diabetes treatment,  help in stimulate insulin secretion and the regeneration of pancreas islet cells." 
}
