{
    "title": "INDIAN HELITROPE",
    "main_image": "114.webp",
    "Common name": "Indian heliotrope",
    "Botanical Name": "<i>Heliotropium indicum L<i/>",
    "Vernacular name": "English-Indian turnsole <br/>Hindi-Haathisundha <br/>Gujarati-Haathisudhaan <br/>",
    "Family": "Boraginaceae" ,
"Class": "Magnoliopsida" ,
"Parts of plant used": "Aerial plant" ,
"Chemical Constituents": "Pyrrolizidine alkaloids and tannin" ,
"Therapeutic uses": "It is used to treat inflammations and tumours, and used as analgesic, diuretic and for numerous skin problems." 
}
