{
    "title": "INDIAN SARSAPARILLA",
    "main_image": "115.webp",
    "Common name": "Indian sarsaparilla",
    "Botanical Name": "<i>Hemidesmus indicus Linn.</i>",
    "Vernacular name": "English-Indian sarsaparilla <br/>Hindi-Anantamul <br/>Gujarati-Upalsari <br/>Sanskrit-Ananti <br/>",
    "Family": "Asclepiadaceae" ,
"Class": "Magnoliopsida" ,
"Parts of plant used": "Root" ,
"Chemical Constituents": "Essential oil, saponin, steroid" ,
"Therapeutic uses": "Used traditionally to treat a wide variety of illnesses including rheumatism, leprosy, impotence, urinary tract and skin infections." 
}
