{
    "title": "HIPTAGE",
    "main_image": "116.webp",
    "Common name": "Hiptage",
    "Botanical Name": "<i>Hiptage benghalensis L.</i>",
    "Vernacular name": "English-Clustered Hiptage <br/>Hindi-Anetaa <br/>Gujarati-Maadhavi <br/>Sanskrit-Atimuktaka <br/>",
    "Family": "Apighiaceae" ,
"Class": "Dicotyledonae" ,
"Parts of plant used": "Flower" ,
"Chemical Constituents": "Steroid, carbohydrate, flavonoid, alkaloid, tannin, phenol." ,
"Therapeutic uses": "Used in Digestive impairment, Worm Infestation, Itching, Bleeding disorder, Obesity, Skin diseases." 
}
