{
    "title": "KURCHI",
    "main_image": "117.webp",
    "Common name": "Kurchi",
    "Botanical Name": "<i>Holarrhena antidysentrica Wall</i>",
    "Vernacular name": "English-Ester Tree <br/>Hindi-Kurchi <br/>Gujarati-Kudo <br/>Sanskrit-Vatsaka <br/>",
    "Family": "Apocynaceae" ,
"Class": "Magnoliopsida" ,
"Parts of plant used": "Seed" ,
"Chemical Constituents": "Alkaloids, Tannin, Fat and Resin" ,
"Therapeutic uses": "Used as  a medication for dysentery, diarrhoea and intestinal worms." 
}
