{
    "title": "KURCHI",
    "main_image": "118.webp",
    "Common name": "Kurchi",
    "Botanical Name": "<i>Holarrhena antidysentrica(roth)</i>",
    "Vernacular name": "English-Ester tree <br/>Hindi-Kurchi <br/>Gujarati-Vatsaka <br/>Sanskrit-Kuda, Kadachhal <br/>",
    "Family": "Apocynaceae" ,
"Class": "Magnoliopsida" ,
"Parts of plant used": "Stem bark" ,
"Chemical Constituents": "Conessine and related alkaloids" ,
"Therapeutic uses": "The bark is considered to be stomachic, astringent, tonic, antidysenteric, febrifuge and anthelmintic. The dried bark is rubbed over the body in dropsy. Kurchi bark is used to cure amoebic dysentery and diarrhoea." 
}