{
    "title": "JANGLI ALMOND",
    "main_image": "119.webp",
    "Common name": "Jangli almond",
    "Botanical Name": "<i>Hydnocarpus pentandra</i>",
    "Vernacular name": "English-Chaulmugraa <br/>Hindi-Chaalmograa <br/>",
    "Family": "Flacourtiaceae" ,
"Class": "Dicotyledonae" ,
"Parts of plant used": "Seed" ,
"Chemical Constituents": "Epegenin, Hydnocarpin, Isohydnocarpine, Fixed oil and Methoxyhydnocarpin." ,
"Therapeutic uses": "Used in Cervical lymphadenitis, Abdominal lump,Fever, Itching, Helminthiasis, Leprosy, Edema and Metabolic disorder." 
}