{
    "title": "STAR ANISE",
    "main_image": "120.webp",
    "Common name": "Star anise",
    "Botanical Name": "<i>Illicium verum Hook. </i>",
    "Vernacular name": "English-Star anise of china <br/>Hindi-Ansafal <br/>",
    "Family": "Magnoliaceae" ,
"Class": "Magnoliopsida" ,
"Parts of plant used": "Fruit" ,
"Chemical Constituents": "Essential oils, flavonol glycosides, and veranisatins A, B & C." ,
"Therapeutic uses": "Used in Abdominal lump, Halitosis, Arthritis and in Colic." 
}