{
    "title": "COGONGRASS",
    "main_image": "121.webp",
    "Common name": "Cogongrass",
    "Botanical Name": "<i>Imperata cylindric Linn</i>",
    "Vernacular name": "English-Thatch grass <br/>Hindi- Siru <br/>Gujarati-Darabh <br/>Sanskrit-Kutuka <br/>",
    "Family": "Poaceae" ,
"Class": "Monocotyledonae" ,
"Parts of plant used": "Root" ,
"Chemical Constituents": "Five types of triterpenoids- Cylindrin, Arundoin, fernenon, isoburneol, Simiarenol." ,
"Therapeutic uses": "Used to treatment of various urinary disorders like urinary calculi, retention of urine, diabetes, cardiac disorder, gout, common cough and cold, inflammation, anaemia." 
}