{
    "title": "ALIGATOR YAM",
    "main_image": "122.webp",
    "Common name": "Aligator Yam",
    "Botanical Name": "<i>Ipomoea digitata Linn.</i>",
    "Vernacular name": "English-Giant Potato <br/>Hindi-Vidaaree Kanda <br/>Gujarati-Vidaaree Kand <br/>Sanskrit- Payasvini <br/>",
    "Family": "Convolvulaceae" ,
"Class": "Magnoliopsida" ,
"Parts of plant used": "Root" ,
"Chemical Constituents": "Glycosides, Steroids, Tanin and fixed oil" ,
"Therapeutic uses": "Used as good hypoglycemic, anti-inflammatory, anticonvulsant, and aphrodisiac agent." 
}