{
    "title": "NATURAL CAMPHOR",
    "main_image": "123.webp",
    "Common name": "Natural camphor",
    "Botanical Name": "<i>Kapura</i>",
    "Vernacular name": "English-camphor <br/>Hindi-kapur <br/>Gujarati-kapur <br/>",
    "Family": "Lamiaceae" ,
"Class": "Dicotyledonae" ,
"Parts of plant used": "Leaves, wood and roots." ,
"Chemical Constituents": "Linalool, cineole and camphor." ,
"Therapeutic uses": "In pyorrhea, in throat diseases, against cough, in toothache, and in respiratory diseases." 
}