{
    "title": "HENNA TREE",
    "main_image": "124.webp",
    "Common name": "Henna tree",
    "Botanical Name": "<i>Lawsonia inermis Linn.</i>",
    "Vernacular name": "English-Henna <br/>Hindi-Mehandi <br/>Gujarati-Mehandi <br/>Sanskrit-Nil madayantika <br/>",
    "Family": "Lythraceae" ,
"Class": "Magnoliopsida" ,
"Parts of plant used": "Leaf" ,
"Chemical Constituents": "Glycosides, colouring matter(Lawsone), Hennotannic acid, Essential oil(Beta-lonone)." ,
"Therapeutic uses": "It as antibacterial, antifungal, antiparasitic, antiviral, anticancer, antidiabetic, tuberculostatic, anti-inflammatory, antifertility and wound healing properties." 
}