{
    "title": "DORI",
    "main_image": "125.webp",
    "Common name": "Dori",
    "Botanical Name": "<i>Leptadenia reticulata </i>",
    "Vernacular name": "English-Cork shallow wort <br/>Hindi-Dodi shak <br/>Gujarati-Dodee <br/>Sanskrit-Jivanti <br/>",
    "Family": "Asclepiadaceae" ,
"Class": "Magnoliopsida" ,
"Parts of plant used": "Root" ,
"Chemical Constituents": "Stigmasterol 3-O-beta-D-glucopyranoside" ,
"Therapeutic uses": "Used in Burning sensation, Weakness, Tissue wasting, Bleeding disorder, Disorder of liver." 
}