{
    "title": "DRONAPUSPI",
    "main_image": "126.webp",
    "Common name": "Dronapuspi",
    "Botanical Name": "<i>Leucas cephalotes Spreng</i>",
    "Vernacular name": "Hindi-Guma <br/>Gujarati-Kubo <br/>Sanskrit-Katumba <br/>",
    "Family": "Lamiaceae" ,
"Class": "Magnoliopsida" ,
"Parts of plant used": "Whole plant" ,
"Chemical Constituents": "Alkaloids, Flavonoids, Beta-sistosterols, Glycosides" ,
"Therapeutic uses": "It is used to spit out the cough, relive asthma, relive anorexia, improve taste, relive ingestion problem. " 
}