{
    "title": "AMBO",
    "main_image": "127.webp",
    "Common name": "Aamra, Ambo",
    "Botanical Name": "<i>Mangifera indica</i>",
    "Vernacular name": "English-Mango <br/>Hindi-Aam <br/>Gujarati-Keri <br/>Sanskrit-Amrabijamajja <br/>",
    "Family": "Anacardiaceae" ,
"Class": "Magnoliopsida" ,
"Parts of plant used": "Seed, Stem bark" ,
"Chemical Constituents": "Pyrogallotannin,  Protocatechuic Acid, Catechin, Mangiferin, Alanine, Glycine, a -Aminobutyric acid, Kinic and Shikimic Acids." ,
"Therapeutic uses": "Used as dentrifrice, antiseptic, astringent, diaphoretic, stomachic, vermifuge, tonic, laxative, in asthma, cough, hypertension, juice is used in heart stroke." 
}