{
    "title": "VINCHHUDO",
    "main_image": "128.webp",
    "Common name": "Vinchhudo, Devil�s claw",
    "Botanical Name": "Martynia annua",
    "Vernacular name": "English-Devil�s claw <br/>Hindi- Bichuhathajori<br/>Sanskrit-Kakangi <br/>",
    "Family": "Martyniaceae" ,
"Class": "Dicotyledonae" ,
"Parts of plant used": "Seed" ,
"Chemical Constituents": "Fixed oil" ,
"Therapeutic uses": "In inflammation and burns, in itching, as local sedative, in epilepsy, tuberculosis, as anthelmitic, analgesic antipyretic, anti bacterial, anti convulsant and in antifertility. " 
}
