{
    "title": "CHINA BERRY TREE",
    "main_image": "129.webp",
    "Common name": "China berry tree",
    "Botanical Name": "<i>Melia azedarachta Linn.</i>",
    "Vernacular name": "English-Persian Lilac <br/>Hindi-Drek <br/>Gujarati-Bakan Limado <br/>Sanskrit-Ramyaka <br/>",
    "Family": "Meliaceae" ,
"Class": "Dicotyledonae" ,
"Parts of plant used": "Stem bark" ,
"Chemical Constituents": "Tannin, Alkaloid" ,
"Therapeutic uses": "This act as anti-viral, anti-fungal, anti-insecticidal, anti-bacterial, anti-allergic, anti-helminthic, anti-inflammatory and anti-dermatic agent." 
}