{
    "title": "BHINTAGARIYO",
    "main_image": "130.webp",
    "Common name": "Bhintagariyo",
    "Botanical Name": "<i>Merremia tridentata</i>",
    "Vernacular name": "English-Arrow leaf morning glory <br/>Hindi-Prasarani <br/>Gujarati-Bhintagariyo <br/>Sanskrit-Prasarini <br/>",
    "Family": "Convolvulaceae" ,
"Class": "Dicotyledonae" ,
"Parts of plant used": "Whole plant" ,
"Chemical Constituents": "Flavonoids like diosmetin, luteolin." ,
"Therapeutic uses": "Used in Piles, Tissue wasting, Paralysis, Arthritis, Inflammation, Constipation and Ulcer." 
}
