{
    "title": "YELLOW CHAMPAKA",
    "main_image": "131.webp",
    "Common name": "Yellow champaka",
    "Botanical Name": "<i>Michelia champaca Linn.</i>",
    "Vernacular name": "English-Golden Champa <br/>Hindi-Champa <br/>Gujarati-Raichampo <br/>Sanskrit-Campeya <br/>",
    "Family": "Magnoliaceae" ,
"Class": "Magnoliopsida" ,
"Parts of plant used": "Flower" ,
"Chemical Constituents": "Volatile oil" ,
"Therapeutic uses": "It is used in diabetes, quick wound healing, cardiac disorders, gout." 
}
