{
    "title": "TOUCH ME NOT",
    "main_image": "132.webp",
    "Common name": "Touch me not plant ",
    "Botanical Name": "<i>Mimosa pudica</i>",
    "Vernacular name": "English-Touch me not plant <br/>Hindi-Chhuimui , Lajauni <br/>Gujarati-Risamani <br/>Sanskrit-Samanga <br/>",
    "Family": "Fabaceae" ,
"Class": "Dicotyledonae" ,
"Parts of plant used": "Whole plant" ,
"Chemical Constituents": "Alkaloids" ,
"Therapeutic uses": "Used to relive itchiness and itching related diseases, used to treat leucoderma, angiopathy, metropathy, ulcers, dysentery, swellings, jaundice, bronchial asthma, small pox and fever on patients with dysfunction uterine bleeding gave promising result." 
}
