{
    "title": "DRUMSTICK TREE",
    "main_image": "133.webp",
    "Common name": "Drumstick tree",
    "Botanical Name": "<i>Moringa oleifera Lam</i>",
    "Vernacular name": "English-Horse Radish tree <br/>Hindi-Mungna <br/>Gujarati-Sargavo, Sekato <br/>Sanskrit-Bahala <br/>",
    "Family": "Moringaceae" ,
"Class": "Dicotyledonae" ,
"Parts of plant used": "Leaf, Root bark,Seed and Stem bark" ,
"Chemical Constituents": "Carotene, Ascorbic acid, Protein, Carbohydrate." ,
"Therapeutic uses": "Used to treat malnutrition, augment milk in lactating mothers, it is also used as anticancer, antimicrobial, anti-inflammatory agent." 
}
