{
    "title": "MONKEY TARARIND",
    "main_image": "134.webp",
    "Common name": "Velvet bean",
    "Botanical Name": "<i>Mucuna prurita Hook.</i>",
    "Vernacular name": "English-Cowhge <br/>Hindi-Kewanch <br/>Gujarati-Kavach <br/>Sanskrit-Kapikacchu <br/>",
    "Family": "Fabaceae" ,
"Class": "Dicotyledonae" ,
"Parts of plant used": "Seed, Root" ,
"Chemical Constituents": "Fixed oil, Alkaloids and 3,4-Dihydroxyphenylalanine, Choline" ,
"Therapeutic uses": "It is used as neuroprotective effect and act anti-inflammatory agent." 
}
