{
    "title": "MITHI LIMDI",
    "main_image": "135.webp",
    "Common name": "Mithi Limdi",
    "Botanical Name": "<i>Murraya koenigii</i>",
    "Vernacular name": "English-Curry tree <br/>Hindi-Karipatta <br/>Gujarati-Kadhi limdo <br/>Sanskrit-Rue <br/>",
    "Family": "Rutaceae" ,
"Class": "Diotyledonae" ,
"Parts of plant used": "Leaves" ,
"Chemical Constituents": "Alkaloids and volatile oil" ,
"Therapeutic uses": "The oil made of curry trees leaves and its seeds are used as antifungal and antibacterial properties." 
}
