{
    "title": "KEDA",
    "main_image": "136.webp",
    "Common name": "Keda",
    "Botanical Name": "<i>Musa paradisiaca Linn.</i>",
    "Vernacular name": "English-Banana <br/>Hindi-Keda <br/>Gujarati-Keda <br/>Sanskrit-Varana <br/>",
    "Family": "Musaceae" ,
"Class": "Liliopsida" ,
"Parts of plant used": "Rhizome" ,
"Chemical Constituents": "Fixed oil and 4 alpha-Methyl sterol ketone" ,
"Therapeutic uses": "It is used for treatment of inflammation, rheumatism, diabetes and hypertension. " 
}
