{
    "title": "INDIAN LOTUS",
    "main_image": "137.webp",
    "Common name": "Indian lotus",
    "Botanical Name": "<i>Nelumbo nucifera Gaertn.</i>",
    "Vernacular name": "English-Sacred Lotus <br/>Hindi-Kamal <br/>Gujarati-Kamal <br/>Sanskrit-Padnakanda <br/>",
    "Family": "Nymphaeaceae" ,
"Class": "Magnoliopsida" ,
"Parts of plant used": "Rhizome" ,
"Chemical Constituents": "Starch and reducing sugar" ,
"Therapeutic uses": "Used as anti-diabetic and anti-inflammatory agent. " 
}
