{
    "title": "LAL KAREN",
    "main_image": "138.webp",
    "Common name": "Lal Karen",
    "Botanical Name": "<i>Nerium indicum Mill.</i>",
    "Vernacular name": "English-Sweet Scented Oleander <br/>Hindi-kaner <br/>Gujarati-kaner <br/>Sanskrit-Hayamara <br/>",
    "Family": "Pocynaceae" ,
"Class": "Magnoliopsida" ,
"Parts of plant used": "Root" ,
"Chemical Constituents": "Cardiac glycosides and Resinous matter" ,
"Therapeutic uses": "Roots are astringent, anthelmintic, aphrodisiac, stomachic, febrifuge. Also have diuretic, emetic, expectorant, cardio tonic and anticancer. Useful in cardiac asthma,  joint pains, leprosy and ulcers. " 
}
