{
    "title": "RAM TULSI",
    "main_image": "139.webp",
    "Common name": "Ram Tulsi",
    "Botanical Name": "<i>Ocimum sanctum Linn</i>",
    "Vernacular name": "English-Basil <br/>Hindi-Tulasi <br/>Gujarati-Tulsi <br/>Sanskrit-Surasa <br/>",
    "Family": "Lamiaceae" ,
"Class": "Dicotyledonae" ,
"Parts of plant used": "Whole plant, Seed" ,
"Chemical Constituents": "Essential oil(Carvacrol, Nerol, Camphene), Fixed oil and Mucilage." ,
"Therapeutic uses": "In treatment of bronchitis, malaria, diarrhoea, dysentery, skin disease, arthritis, eye diseases, insect bites as anti cancer medication, as a anti oxidant and as anti microbial. " 
}
