{
    "title": "YELLOW SORREL",
    "main_image": "140.webp",
    "Common name": "Yellow sorrel",
    "Botanical Name": "<i>Oxalis corniculata Linn.</i>",
    "Vernacular name": "English-Indian sorrel <br/>Hindi-Ambilosa <br/>Gujarati-Changeri, Teenpanaki <br/>Sanskrit-Amlapatrika <br/>",
    "Family": "Oxalidaceae" ,
"Class": "Dicotyledonae" ,
"Parts of plant used": "Whole plant" ,
"Chemical Constituents": "Vitamin C, Citric acid,Tartaric acid, Carotene and malic acid." ,
"Therapeutic uses": "Used in treatment of influenza, fever, urinary tract infections, enteritis, diarrhoea, traumatic injuries, sprains and poisonous snake bites. " 
}
