{
    "title": "SCREW PINE",
    "main_image": "141.webp",
    "Common name": "Screw pine",
    "Botanical Name": "<i>Pandanus odoratissimus</i>",
    "Vernacular name": "English-Fragrant screwpine <br/>Hindi-Kewda <br/>Gujarati-Kewado <br/>Sanskrit-Ketaka <br/>",
    "Family": "Pandanaceae" ,
"Class": "Liliopsida" ,
"Parts of plant used": "Stilt root " ,
"Chemical Constituents": "Physcion; p-hydroxybenzoic acid, cirsilineol, n-triacontanol, b-sitosterol, Stigmasterol, campesterol, daucosterol, stigmast-4-en-3,6-dione, andamarine, piperidine" ,
"Therapeutic uses": "Used in Abdominal lump, Fever, Dysuria, Excessive vaginal discharge, Bleeding disorder, Skin diseases. " 
}
