{
    "title": "SCREW PINE",
    "main_image": "142.webp",
    "Common name": "Screw pines",
    "Botanical Name": "<i>Pandanus tectorius Soland</i>",
    "Vernacular name": "English-Screw pines <br/>Hindi-Kevada <br/>Gujarati-Kevado <br/>Sanskrit-Suchikapuspa <br/>",
    "Family": "Panadaneceae" ,
"Class": "Monocotyledonae" ,
"Parts of plant used": "Root" ,
"Chemical Constituents": "Essential oil" ,
"Therapeutic uses": "Used to reduces stomach spasms pandanustectorius flowers have also been traced with characteristics that function as aphrodisiac, also manifests anti-cancer activities, antiseptic and anti-bacterial, which makes it ideal for healing wounds. " 
}
