{
    "title": "FRANGRANT SWAMP MELLOW",
    "main_image": "143.webp",
    "Common name": "Fragrant swamp mellow ",
    "Botanical Name": "<i>Pavonia odorata Willd</i>",
    "Vernacular name": "English-Fragrant swamp mellow <br/>Hindi-Sugandha-bala <br/>Gujarati-Kalowalo <br/>Sanskrit-Picchila lomasah <br/>",
    "Family": "Malvaceae" ,
"Class": "Dicotyledonae" ,
"Parts of plant used": "Whole plant" ,
"Chemical Constituents": "Beta�sitosterol, palmitic, stearic, oleic, linoleic, isovaleric and n-caproic Acids, - pinene and methyl eptenone, isovalaraldehyde, aromadendrin, azulene, pavonene, pavonenol." ,
"Therapeutic uses": "Used as cooling, diaphoretic, diuretic, and demulcent and it is also used in heart disease, ulcer. " 
}
