{
    "title": "MENTHOL",
    "main_image": "144.webp",
    "Common name": "Menthol",
    "Botanical Name": "<i>Peppermint-satva</i>",
    "Vernacular name": "English-Peppermint <br/>Hindi-Pudina <br/>Gujarati-Phudino <br/>",
    "Family": "Lamiacea" ,
"Class": "Magnoliopsida" ,
"Parts of plant used": "Leaves" ,
"Chemical Constituents": "Menthol, menthone, menthyl acetate, and limonine." ,
"Therapeutic uses": "In toothache, in fever, against pain in abdomen, and in problems related to mouth. " 
}
