{
    "title": "PANICLED FOLDWING",
    "main_image": "145.webp",
    "Common name": "Panicled Foldwing",
    "Botanical Name": "<i>Peristrophe bicalyculata</i>",
    "Vernacular name": "Hindi-Atrilal <br/>Gujarati-Atrilal <br/>Sanskrit-Nadikanta <br/>",
    "Family": "Acanthaceae" ,
"Class": "Magnoliopsida" ,
"Parts of plant used": "Seed" ,
"Chemical Constituents": "14-methyl-tritriacont-14-en-15-ol and 35-hydroxynonatriacontanal" ,
"Therapeutic uses": "Seeds carry a certain amount of mucilage which on drying can be stretched out into a fine thread. This is used in Senegal for fishing out foreign bodies from eyes and ears. " 
}
