{
    "title": "MALAY GOOSEBERRY",
    "main_image": "146.webp",
    "Common name": "Malay gooseberry",
    "Botanical Name": "<i>Phyllanthus acidus Linn.</i>",
    "Vernacular name": "English-Star gooseberry  <br/>Hindi-Lavali <br/>Gujarati-Khaati aawala <br/>Sanskrit-Sugandhamula <br/>",
    "Family": "Euphorbiaceae" ,
"Class": "Magnoliopsida" ,
"Parts of plant used": "Fruit" ,
"Chemical Constituents": "Triterpenoids and gallic acid" ,
"Therapeutic uses": "Used in treatment of diarrhoea, jaundice, and inflammation. " 
}
