{
    "title": "ASSAMESE",
    "main_image": "147.webp",
    "Common name": "Assamese",
    "Botanical Name": "<i>Phyllanthu sfraternus Webst.</i>",
    "Vernacular name": "Hindi-Bhuiamal <br/>Gujarati-Bhoiamali <br/>Sanskrit-Mahidhatriki <br/>",
    "Family": "Euphorbiaceae" ,
"Class": "Magnoliopsida" ,
"Parts of plant used": "Leaves, stem, root" ,
"Chemical Constituents": "Phyllanthin" ,
"Therapeutic uses": "The plant sap is applied to treat bruises, sores and ulcers, and mixed with oil against ophthalmic and conjunctivitis. Powdered roots and leaves are made into a poultice with rice-water to treat edema and ulcers. " 
}
