{
    "title": "BLADDER CHERRY",
    "main_image": "148.webp",
    "Common name": "Bladder cherry",
    "Botanical Name": "<i>Physalis alkekengi Linn.</i>",
    "Vernacular name": "English-Winter cherry <br/>Hindi-Kakanaja <br/>Gujarati-Kakanaja <br/>Sanskrit-Rajaputrika <br/>",
    "Family": "Solanaceae" ,
"Class": "Magnoliopsida" ,
"Parts of plant used": "Fruit" ,
"Chemical Constituents": "Auroxanthin, mutatoxanthin, phydalein, zeaxanthin, �-Cryptoxanthin from the calyx of the fruit; glycoalkaloids detected in the seeds." ,
"Therapeutic uses": "Used for renal and urinary tract diseases, gout, and rheumatism And other properties like anti-gout, anti-inflammatory, antibacterial, analgesic, laxative, diuretic, anti-mitotic, and malaria-treating properties are included. " 
}
