{
    "title": "NAGARVEL",
    "main_image": "149.webp",
    "Common name": "Nagarvel",
    "Botanical Name": "<i>Piper betle</i>",
    "Vernacular name": "English-Betel  Vine <br/>Hindi- Pan<br/>Gujarati-Pan <br/>Sanskrit-Tambuli <br/>",
    "Family": "Pipereacea" ,
"Class": "Magnoliopsida" ,
"Parts of plant used": "Leaves" ,
"Chemical Constituents": "Vitamin, Minerals, Essential oil and Enzymes" ,
"Therapeutic uses": "It is used as an anticancer agent.<br/>It lowers the cholesterol.<br/>It has antimicrobial properties.Used in treatment of Asthma.<br/>It is also protects the Gastrointestinal tract." 
}
