{
    "title": "LINDI PEPPER",
    "main_image": "150.webp",
    "Common name": "Lindi pepper",
    "Botanical Name": "<i>Piper longum</i>",
    "Vernacular name": "English-Piper root <br/>Hindi- Piparamula<br/>Gujarati-Gantoda <br/>Sanskrit-Magadhi <br/>",
    "Family": "Piperaceae" ,
"Class": "Magnoliopsida" ,
"Parts of plant used": "Stem, Leaf" ,
"Chemical Constituents": "Alkaloids, Essential oil" ,
"Therapeutic uses": "Immuno-modulatory activity, stimulant effects, anti-asthmatic activity, bio-availability enhancement, hepato-protective, anti- inflammatory, anti-bacterial activity. " 
}
