{
    "title": "Pistia stratiotes",
    "main_image": "153.webp",
    "Common name": "Nile cabbage ",
    "Botanical Name": "Pistia stratiotes L.",
    "Vernacular name": "English- Water lattuce <br/>Hindi-Choti jala-khumbhi <br/>Gujarati-Jalakumbhi <br/>Sanskrit-Kumbhika <br/>",
    "Family": "Araceae" ,
"Class": "Monocotyledonae" ,
"Parts of plant used": "Whole plant" ,
"Chemical Constituents": "Vicenin, lucenin, cyanidine-3-glucoside" ,
"Therapeutic uses": "Used in Piles, Burning sensation, Goiter, Fever, Diseases of skin, Dysuria, Bleeding disorder. " 
}