{
    "title": "Plantago lanceolata",
    "main_image": "154.webp",
    "Common name": "Ribwort plantain",
    "Botanical Name": "Plantago lanceolata L.",
    "Vernacular name": "English-Ribwort <br/>Hindi- Jangali isabgola <br/>",
    "Family": "Plantaginaceae" ,
"Class": "Magnoliopsida" ,
"Parts of plant used": "Fresh leaf" ,
"Chemical Constituents": "Chlorogenic acid, Chrysophanic acid, Emodin, Luteolin, Plantaginin" ,
"Therapeutic uses": "Used in Piles, Tooth ache, Cough, Haemmorhage, Edema, Asthma and Ulcer." 
}