{
    "title": "Plumbago indica",
    "main_image": "156.webp",
    "Common name": " Lead wort",
    "Botanical Name": "Plumbago indica L.",
    "Vernacular name": "English- Rosy flowered lead wort <br/>Hindi-Rakta-chita<br/>Gujarati- Lal- chitrak<br/>",
    "Family": "Plumbaginaceae" ,
"Class": "Magnoliopsida" ,
"Parts of plant used": "Root" ,
"Chemical Constituents": "Quinones and Naphthaquinones such as .isoshinanolone, plumbagic acid, vahillic acid." ,
"Therapeutic uses": "Used in Piles, Malabsorption syndrome, Cough, Helminthiasis, diseases of skin, Anaemia and Lithuria." 
}