{
    "title": "Polygonatum cirrhifolium",
    "main_image": "157.webp",
    "Common name": "Mahameda ",
    "Botanical Name": "Polygonatum cirrhifolium",
    "Vernacular name": "English-Mahameda <br/>Hindi- Medaa<br/>Gujarati- Meda<br/>Sanskrit- Dhara<br/>",
    "Family": "Liliaceae" ,
"Class": "Liliopsida" ,
"Parts of plant used": "Rhizome" ,
"Chemical Constituents": "Steroidal saponins (diosgenin), proteins and resins" ,
"Therapeutic uses": "Used in Abdominal Lump, Jaundice, Cough, Night blindness, Chronic epiphora and in Tuberculosis." 
}