{
    "title": "Millettia pinnata",
    "main_image": "158.webp",
    "Common name": "Karanj ",
    "Botanical Name": "Millettia pinnata",
    "Vernacular name": "English- Smooth leaved pongamia<br/>Hindi- Dithouri , Karuinai<br/>Gujarati- Kanajo , Karanji<br/>",
    "Family": "Fabaceae" ,
"Class": "Dicotyledonae " ,
"Parts of plant used": "fruit ,  leaves , stem , seeds , root and bark." ,
"Chemical Constituents": "Karangin , glabrachalcone , isopongachromene , flavokavain B." ,
"Therapeutic uses": "Used in treating skin diseases , Used in treatment of piles & haemorrhoids, used to treat diabetes, can be used as biodiesel, Used to treat gout & syphilis,  Used  as Anti-ulcer, Antidiarrhoeal, Anti-plasmodial, Anti-inflammatory, Anti-viral, Anti-bacterial, Indications of seeds , leaves , oil , barks of pongamia glabra includes sores , skin diseases , Rheumatism , itching , wounds , tumours." 
}