{
    "title": "Prosopis cineraria",
    "main_image": "160.webp",
    "Common name": "Jandi ",
    "Botanical Name": "Prosopis cineraria Druce",
    "Vernacular name": "English- Spunge tree<br/>Hindi- Chhonkar<br/>Gujarati- Kheejado<br/>",
    "Family": "Leguminosae" ,
"Class": "Dicotyledonae" ,
"Parts of plant used": "Leaf" ,
"Chemical Constituents": "Tannin rich foliage, volatile fatty acid." ,
"Therapeutic uses": "Used in Diarrhea, Psychotic syndrome of children, Vertigo, Worm infestation, Cough, Diseases of skin, Diseases of the eye, Bleeding disorder and Asthma." 
}