{
    "title": "Pterocarpus marsupium",
    "main_image": "162.webp",
    "Common name": "Malabar Kino",
    "Botanical Name": "Pterocarpus marsupium Roxb.",
    "Vernacular name": "English- Indian kino tree<br/>Hindi- Vijayasara<br/>Gujarati- Biyo<br/>Sanskrit- Bijaka<br/>",
    "Family": "Fabaceae" ,
"Class": "Dicotyledonae" ,
"Parts of plant used": "Stem bark" ,
"Chemical Constituents": "Tannin and gum kino" ,
"Therapeutic uses": "Used as influential astringent, cooling, regenerating agent and also used for the treatments of leprosy, leucoderma, toothache, fractures, diarrhoea, passive haemorrhage, and dysentery, bruises and diabetes." 
}