{
    "title": "Rubia cordifolia",
    "main_image": "167.webp",
    "Common name": "Indian Maddar",
    "Botanical Name": "Rubia cordifolia Linn.",
    "Vernacular name": "English- Indian Maddar<br/>Hindi- Manjit<br/>Gujarati- Manjitha<br/>Sanskrit- Yojnavalli<br/>",
    "Family": "Rubiaceae" ,
"Class": "Dicotyledonae" ,
"Parts of plant used": "Stem" ,
"Chemical Constituents": "Glycosides" ,
"Therapeutic uses": "It is used to treat and act as  potent blood purifier, antioxidant, diuretic, calcium channel blocker, antiplatelet, antidiabetic, antiinflammatory, antistress, immunomodulator." 
}