{
    "title": "Salix Alba",
    "main_image": "169.webp",
    "Common name": "White Willow",
    "Botanical Name": "Salix Alba L",
    "Vernacular name": "English- European willow<br/>Hindi- Sveta veda muska<br/>",
    "Family": "Salicaceae" ,
"Class": "Dicotyledonae" ,
"Parts of plant used": "Leaves" ,
"Chemical Constituents": "Amentoflavone, apigenin, catechin, gallocatechin" ,
"Therapeutic uses": "Used in Rheumatism, Leucoderma, Diarrhoea, Jaundice, Disease of ear, Dysentery, Bleeding disorder and Gout." 
}