{
    "title": "Santalum album",
    "main_image": "170.webp",
    "Common name": "Chandan ",
    "Botanical Name": "Santalum album",
    "Vernacular name": "English- Sandalwood<br/>Hindi- Chandan<br/>Gujarati- Sukhad<br/>Sanskrit- Srikhanda<br/>",
    "Family": "Santalaceae" ,
"Class": "Dicotyledonae" ,
"Parts of plant used": "Heart wood" ,
"Chemical Constituents": "Volatile oil- Alpha-santalol, beta-santalol." ,
"Therapeutic uses": "Gastric Irritability: Santalum album is quite effective in relieving excessive gas,Dysentery: Sandalwood is also useful for relieving dysentery, Genital – Urinary Disorders: Santalum album is beneficial in the management of gonorrhea. " 
}