{
    "title": "Sesamum indicum",
    "main_image": "173.webp",
    "Common name": "Sesame",
    "Botanical Name": "Sesamum indicum Linn.",
    "Vernacular name": "English- Tilagachh<br/>Hindi- Tila, Teel<br/>Gujarati- Tall<br/>Sanskrit- Tila<br/>",
    "Family": "Pedaliaceae" ,
"Class": "Dicotyledonae" ,
"Parts of plant used": "Seed" ,
"Chemical Constituents": "Fixed oil" ,
"Therapeutic uses": "This is used as Anti-helmintic, Antihypertensive, antimicrobial, Cytotoxic and Hepatoprotective" 
}