{
    "title": "Sesbania sesban",
    "main_image": "175.webp",
    "Common name": "Egyptian sesban ",
    "Botanical Name": "Sesbania sesban Linn.",
    "Vernacular name": "Hindi- Jaita<br/>Gujarati- Jayanti<br/>Sanskrit- Jaya<br/>",
    "Family": "Fabaceae" ,
"Class": "Dicotyledonae" ,
"Parts of plant used": "Leaves" ,
"Chemical Constituents": "Protein, Calcuim and Phospharus" ,
"Therapeutic uses": "Used medically for scorpion stings, boils, and abscesses and also used in treatment of sore throat, jaundice, syphilis and gonorrhea" 
}