{
    "title": "Sida rhombifolia",
    "main_image": "177.webp",
    "Common name": "Rhombus leaved sida",
    "Botanical Name": "Sida rhombifolia Linn.",
    "Vernacular name": "English- Country Mallow<br/>Hindi- Pitabala<br/>Gujarati- Mahabala<br/>Sanskrit- Atibala<br/>",
    "Family": "Malvaceae" ,
"Class": "Magnoliopsida" ,
"Parts of plant used": "Root" ,
"Chemical Constituents": "Alkaloids- Vasicinone and Vasicine" ,
"Therapeutic uses": "It is used to treat rheumatism, asthma, cough, nasal congestion, nerve pain and nerve inflammation. It is also used in facial paralysis, stroke, heart attack." 
}