{
    "title": "Solanum anguivi",
    "main_image": "178.webp",
    "Common name": "Forest bitter berry",
    "Botanical Name": "Solanum anguivi Lam.",
    "Vernacular name": "English- Indian nightshade<br/>Hindi- Badi kateri<br/>Gujarati- Ubhi ringni<br/>Sanskrit- Simhika<br/>",
    "Family": "Solanaceae" ,
"Class": "Magnoliopsida" ,
"Parts of plant used": "Whole plant" ,
"Chemical Constituents": "Steroidal saponins- Protodiscin saponin C, indioside A, B, C, D and E, solafuranone" ,
"Therapeutic uses": "Used in products of impaired digestion and metabolism, Digestive impairment, Tastelessness, Heart diseases, Hiccup, Fever, Worm infestation, Cough, Leprosy,  Diseases of the eye." 
}