{
    "title": "Stereospermum chelonoides",
    "main_image": "181.webp",
    "Common name": "Fragrant Padri tree",
    "Botanical Name": "Stereospermum chelonoides",
    "Vernacular name": "English- Trumpet flower tree<br/>Hindi- Paraal<br/>Gujarati- Paadal<br/>Sanskrit- Patala<br/>",
    "Family": "Bignoniaceae" ,
"Class": "Dicotyledonae" ,
"Parts of plant used": "Stem bark " ,
"Chemical Constituents": "Gum and bitter substance" ,
"Therapeutic uses": "It is used in treating bilious diarrhea, burning sensation, sprain, and rheumatism." 
}