{
    "title": "Stereospermum suaveolens",
    "main_image": "182.webp",
    "Common name": "Trumpet flower",
    "Botanical Name": "Stereospermum suaveolens",
    "Vernacular name": "English- Rose flower fragrant<br/>Hindi- Podal<br/>Gujarati- Podal<br/>Sanskrit- Amongha<br/>",
    "Family": "Bignoniaceae" ,
"Class": "Dicotyledonae" ,
"Parts of plant used": "Root" ,
"Chemical Constituents": "Bitter substance, sterols, glycosides and glycol-alkaloids." ,
"Therapeutic uses": "It is used as analgesic, liver stimulant, astringent, wound healing and antidyspeptic" 
}