{
    "title": "Syzygium aromaticum ",
    "main_image": "183.webp",
    "Common name": "Clove",
    "Botanical Name": "Syzygium aromaticum ",
    "Vernacular name": "English -CloveHindi- Laung<br/>Gujarati- Lavang<br/>Sanskrit- Devapuspa<br/>",
    "Family": "Myrtaceae" ,
"Class": "Dicotyledonae" ,
"Parts of plant used": "Flower buds" ,
"Chemical Constituents": "Essential oil(eugenalacetate)" ,
"Therapeutic uses": "Used in the treatment of vomiting, nausea, liver, bowel and stomach disorders; and as a stimulant for the nerves." 
}