{
    "title": "Syzygium cuminii",
    "main_image": "184.webp",
    "Common name": "Black plum ",
    "Botanical Name": "Syzygium cuminii Linn.",
    "Vernacular name": "English- Jambul tree<br/>Hindi- Jamuna<br/>Gujarati- Jambu<br/>",
    "Family": "Myrtaceae" ,
"Class": "Dicotyledonae" ,
"Parts of plant used": "Stem bark, Seed" ,
"Chemical Constituents": "Glycosides, Tannin, Ellagic acid and Gallic acid" ,
"Therapeutic uses": "Used  for treatment of sore throat, asthma, dysentery, ulcers, biliousness, bronchitis and it also act as a blood purifier." 
}