{
    "title": "Tamarindus indica",
    "main_image": "185.webp",
    "Common name": "Tamarind",
    "Botanical Name": "Tamarindus indica Linn.",
    "Vernacular name": "English- Tamarind treeHindi- Imli<br/>Gujarati- Anvali<br/>Sanskrit- Amlika<br/>",
    "Family": "Fabaceae" ,
"Class": "Dicotyledonae" ,
"Parts of plant used": "Fruit pulp" ,
"Chemical Constituents": "Inorganic acid, Sugar, Sponin and bitter principle- Tamarindinca" ,
"Therapeutic uses": "It is used in wound healing, abdominal pain, diarrhea, dysentery, parasitic infestation, fever, malaria and respiratory problems." 
}