{
    "title": "Tecomella undulata",
    "main_image": "186.webp",
    "Common name": "Desert teak",
    "Botanical Name": "Tecomella undulata",
    "Vernacular name": "English- Rohituka tree<br/>Hindi- Roheda<br/>Gujarati- Rohido<br/>",
    "Family": "Bignoniaceae" ,
"Class": "Dicotyledonae" ,
"Parts of plant used": "Stem bark" ,
"Chemical Constituents": "Tecomin, n-triacontane, n-heptacosane, n- nonacosane, n-triacontanol, n-octacosanol, Beta-sitosterol." ,
"Therapeutic uses": "Used in Jaundice, Disease of ear, Leprosy, Obesity, Diseases of the eye, Splenomegaly, Metabolic disorder, Disorders of blood" 
}