{
    "title": "Tectona grandis",
    "main_image": "187.webp",
    "Common name": "Teak",
    "Botanical Name": "Tectona grandis",
    "Vernacular name": "English- Inadian teak<br/>Hindi- Sagauna<br/>Gujarati- Sagwan<br/>Sanskrit- Bhumisaha<br/>",
    "Family": "Verbenaceae" ,
"Class": "Dicotyledonae" ,
"Parts of plant used": "Heart wood" ,
"Chemical Constituents": "Resin, Essential oil, Fixed oil and Tectoquinone" ,
"Therapeutic uses": "It is used to treatment of gravid uterus, piles, leucoderma, dysentery, headache and burning pain over liver region." 
}