{
    "title": "Tila Taila",
    "main_image": "190.webp",
    "Common name": "Sesamum oil",
    "Botanical Name": "Tila Taila",
    "Vernacular name": "English- Sesamum oil<br/>Hindi- Til tela<br/>Gujarati- Tal taila<br/>",
    "Family": "Pedaliaceae",
    "Class": "Dicotyledonae",
    "Parts of plant used": "Seeds",
    "Chemical Constituents": "Linoleic acid, oleic acid, palmitic acid and stearic acid",
    "Therapeutic uses": "In fire burns, in fracture, in weakness and paralysis, in gonorrhea and in reducing headache and pain."
}