{
    "title": "Tila taila",
    "main_image": "191.webp",
    "Common name": " Sesamum oil",
    "Botanical Name": "Tila taila",
    "Vernacular name": "English- Sesamum oil <br/>Hindi- Til tela<br/>Gujarati- Tal taila",
    "Family": "Pedaliaceae" ,
"Class": "Dicotyledonae" ,
"Parts of plant used": "Seeds" ,
"Chemical Constituents": "Linoleic acid, oleic acid, palmitic acid and stearic acid." ,
"Therapeutic uses": " In fire burns, in fracture, in weakness and paralysis, in gonorrhea and in reducing headache and pain. " 
}