{
    "title": "Tinospora cordifolia",
    "main_image": "192.webp",
    "Common name": "Galo  ",
    "Botanical Name": "Tinospora cordifolia",
    "Vernacular name": "English- Heart-leaved moonseed <br/>Hindi- Giloae<br/>Gujarati- Garo<br/>Sanskrit-Amrta <br/>",
    "Family": "Menispermaceae" ,
"Class": "Magnoliopsida " ,
"Parts of plant used": "Stem" ,
"Chemical Constituents": "Terpenoids, Alkaloids" ,
"Therapeutic uses": " Anti-toxic, Anti-microbial, Anti-oxidant, Anti-diabetic, Immunomodulatory, Anti-HIV, Anti-cancer, Cardiotonic, Anti-asthmatic, Rejuvenator. " 
}