{
    "title": "Trianthema decandra ",
    "main_image": "193.webp",
    "Common name": " Horse purslane",
    "Botanical Name": "Trianthema decandra ",
    "Vernacular name": "Hindi-Gadabani <br/>Sanskrit- Dvijayangi<br/>",
    "Family": "Aizoaceae" ,
"Class": "Magnoliopsida" ,
"Parts of plant used": "Whole plant" ,
"Chemical Constituents": "Saponin and alkaloids punarnavine" ,
"Therapeutic uses": " Used in Rheumatism, Epilepsy, Migraine, Heart disease, Jaundice, Cough Anaemia, Oedema, and Asthma. " 
}