{
    "title": "Trianthema portulacastrum ",
    "main_image": "194.webp",
    "Common name": "Desert horsepurslane ",
    "Botanical Name": "Trianthema portulacastrum ",
    "Vernacular name": "English- Hoase purslane <br/>Hindi-Saphed punamava<br/>Sanskrit-Sveta mula <br/>",
    "Family": "Aizoaceae" ,
"Class": "Magnoliopsida" ,
"Parts of plant used": " Root" ,
"Chemical Constituents": "Glycosides" ,
"Therapeutic uses": " Used as analgesic, stomachic, laxative, treatment of blood disease, anemia, inflammation, and night blindness. " 
}