{
    "title": "Tribulus terrestris",
    "main_image": "195.webp",
    "Common name": "Goksura ",
    "Botanical Name": "Tribulus terrestris",
    "Vernacular name": "English- Caltrops root <br/>Hindi- Gokhru<br/>Gujarati-Bethagokhru <br/>Sanskrit-Gokshuraka <br/>",
    "Family": "Zygophyllaceae" ,
"Class": "Dicotyledonae " ,
"Parts of plant used": "Root" ,
"Chemical Constituents": "Saponins, Alkaloids" ,
"Therapeutic uses": " Diuretics, Tonic, Calcalous Affection, for regulation of heart functions, Reduction of inflammation, Indigestion, Chronic Cough, Asthma, Genito-Urinary system & painful Micturition. " 
}