{
    "title": "Trigonella foenum-graecum ",
    "main_image": "196.webp",
    "Common name": " Fenugreek",
    "Botanical Name": "Trigonella foenum-graecum ",
    "Vernacular name": "English- Fenugreek <br/>Hindi-Methi <br/>Gujarati- Methi<br/>Sanskrit-Methini<br/>",
    "Family": "Fabaceae" ,
"Class": "Dicotyledonae" ,
"Parts of plant used": "Seed" ,
"Chemical Constituents": "Sapogenin, Mucilage, Alkaloids" ,
"Therapeutic uses": "Used in treatment of diabetes, painful menstruation, polycystic ovary syndrome  " 
}