{
    "title": "Typha australis ",
    "main_image": "197.webp",
    "Common name": " Bulrush",
    "Botanical Name": "Typha australis ",
    "Vernacular name": "English-Lesser Indian Reed-mace  <br/>Hindi- Pater<br/>Gujarati-Ghaabaajariyu<br/>Sanskrit-Gunthah <br/>",
    "Family": "Typhaceae" ,
"Class": "Liliopsida" ,
"Parts of plant used": " Rhizome and fruit" ,
"Chemical Constituents": "Flavonoids and sterols" ,
"Therapeutic uses": " A common source for starch and is also used for production of ethanol  " 
}