{
    "title": "Uraria picta",
    "main_image": "198.webp",
    "Common name": "Prisniparni ",
    "Botanical Name": "Uraria picta",
    "Vernacular name": "Hindi-Dabra <br/>Gujarati-Pithavan <br/>Sanskrit-Chitraparni <br/>",
    "Family": "Fabaceae" ,
"Class": "Equisetopsida" ,
"Parts of plant used": " Whole plant" ,
"Chemical Constituents": "Alkaloids, Flavanoids-5, vanone, isoflavan-one, Steroids, Terpenoids, Phenols, Saponin." ,
"Therapeutic uses": "  Diarrhoea, Vomiting, Burning Sensation, Fever, Cough, Gout, Insanity, Bloody Dysentery, Bleeding Piles, Excessive Thirst, Disease of eyes. " 
}