{
    "title": "Valeriana wallichii ",
    "main_image": "199.webp",
    "Common name": "Indian valerian ",
    "Botanical Name": "Valeriana wallichii ",
    "Vernacular name": "English- Indian valerian <br/>Hindi- Mushkbala<br/>Gujarati-tagar ganthodo <br/>Sanskrit-Nata <br/>",
    "Family": "Valerianaceae" ,
"Class": "Magnoliopsida" ,
"Parts of plant used": "Rhizome" ,
"Chemical Constituents": "Essential oil" ,
"Therapeutic uses": " Used as ethno medicine for the treatment of habitual constipation, insomnia, epilepsy, neurosis, anxiety, diuretic, hepatoprotective, analgesic and cytotoxic, antispasmodic, anticonvulsant, nematicidal, anti inflammatory, etc. " 
}