{
    "title": "Vernonia cinerea ",
    "main_image": "200.webp",
    "Common name": "Little iron weed ",
    "Botanical Name": "Vernonia cinerea ",
    "Vernacular name": "English- Purple Fleabane <br/>Hindi-Sahadevi<br/>Gujarati- Sadoree<br/>Sanskrit-Uttamkanyaka <br/>",
    "Family": "Asteraceae" ,
"Class": "Magnoliopsida" ,
"Parts of plant used": "Whole plant" ,
"Chemical Constituents": "Saponins, Sapogenin and Flavonoids" ,
"Therapeutic uses": "It is used to cure fever, hiccups, kidney disease and stomach discomfort and also treat nerve disorders and is also a potent analgesic.  " 
}