{
    "title": "Vitex negundo",
    "main_image": "201.webp",
    "Common name": "Nagod ",
    "Botanical Name": "Vitex negundo",
    "Vernacular name": "English- Five-leaved chaste tree  <br/>Hindi- Nirgundi<br/>Gujarati-Nagod <br/>Sanskrit- Sindhuvara<br/>",
    "Family": "Verbenaceae" ,
"Class": "Magnoliopsida" ,
"Parts of plant used": "Leaves, Seed" ,
"Chemical Constituents": "Akaloids, Hydrocarbon, Beta-sitosterol and Essential oil" ,
"Therapeutic uses": " Used in Unani system of medicine as anti-inflammatory, expectorant, tranquilizer, antispasmodic, anti-convalesant, rejuvenative, anti-arthritic, anthelminthic, anti-fungal and antipyretic. " 
}