{
    "title": "Wedelia calendulacea ",
    "main_image": "202.webp",
    "Common name": " ",
    "Botanical Name": "Wedelia calendulacea Chinese wedelia",
    "Vernacular name": "English- Avanti <br/>Hindi-Pilaabhangraa<br/> ",
    "Family": "Asteraceae" ,
"Class": "Magnoliopsida" ,
"Parts of plant used": " Whole plant" ,
"Chemical Constituents": "Coumestan, norwedelic acid, norwedelolactone, tri-O-methylwedelolactone and b-amyrin." ,
"Therapeutic uses": " Used in Piles, Diarrhoea, Weakness, Heart disease, Alopecia, Fever, Helminthiasis, Jaundice, Cough, Anaemia, Splenomegaly, Headache, Fliariasis, Pain, Asthma, Ulcer. " 
}