{
    "title": "Zingiber officinalis",
    "main_image": "204.webp",
    "Common name": "Adarakh, ginger. ",
    "Botanical Name": "Zingiber officinalis",
    "Vernacular name": "English- Ginger <br/>Hindi-Sonth <br/>Gujarati- Sundh<br/>Sanskrit-Ausudha<br/>",
    "Family": "Zingiberaceae" ,
"Class": "Liliopsida " ,
"Parts of plant used": "Rhizome" ,
"Chemical Constituents": "Essiensial oil, Pungent constituent, resinous matter and starch." ,
"Therapeutic uses": " Reducing gas and improving digestion, in nausea, relieving pain, reducing inflammation, lowers cancer risk. " 
}