{
    "title": "Zizyphus mauritiana ",
    "main_image": "205.webp",
    "Common name": "Indian jujube ",
    "Botanical Name": "Zizyphus mauritiana ",
    "Vernacular name": "English- Jujube <br/>Hindi-Desi Ber <br/>Gujarati-Bor <br/>Sanskrit- Koli<br/>",
    "Family": "Rhamnaceae" ,
"Class": "Magnoliopsida" ,
"Parts of plant used": "Fruit pulp and stem bark" ,
"Chemical Constituents": "Vitamin C, Sugar and Mineral" ,
"Therapeutic uses": " It is used to treat various diseases like malaria, asthma, diarrhoea, typhoid, diabetes, skin diseases and acts as a pain killer. " 
}